{
	"credit": "The Stardust System did something here",
	"parent": "item/handheld",
	"textures": {
		"layer0": "earlygame:item/diamond_saw"
	},
	"display": {
		"thirdperson_righthand": {
			"rotation": [40, -90, 55],
			"translation": [0, 2.5, -3.25],
			"scale": [0.85, 0.85, 0.85]
		},
		"thirdperson_lefthand": {
			"rotation": [40, 90, -55],
			"translation": [0, 2.5, -3.25],
			"scale": [0.85, 0.85, 0.85]
		},
		"firstperson_righthand": {
			"rotation": [0, -90, 25],
			"translation": [1.13, 3.2, 1.13],
			"scale": [0.68, 0.68, 0.68]
		},
		"firstperson_lefthand": {
			"rotation": [0, 90, -25],
			"translation": [1.13, 3.2, 1.13],
			"scale": [0.68, 0.68, 0.68]
		}
	}
}