{
	"textures": {
		"bar": "block/bell_wood",
		"post": "block/bell_stone",
		"particle": "block/bell_bottom"
	},
	"elements": [
		{
			"from": [2, 13, 7],
			"to": [14, 15, 9],
			"faces": {
				"north": {"uv": [2, 2, 14, 4], "texture": "#bar"},
				"south": {"uv": [2, 2, 14, 4], "texture": "#bar"},
				"up": {"uv": [2, 0, 14, 2], "texture": "#bar"},
				"down": {"uv": [2, 4, 14, 6], "texture": "#bar"}
			}
		},
		{
			"from": [14, 0, 6],
			"to": [16, 16, 10],
			"faces": {
				"north": {"uv": [10, 0, 12, 16], "texture": "#post"},
				"east": {"uv": [6, 0, 10, 16], "texture": "#post"},
				"south": {"uv": [10, 0, 12, 16], "texture": "#post"},
				"west": {"uv": [6, 0, 10, 16], "texture": "#post"},
				"up": {"uv": [2, 0, 4, 4], "texture": "#post", "cullface": "up"},
				"down": {"uv": [4, 0, 6, 4], "texture": "#post", "cullface": "down"}
			}
		},
		{
			"from": [0, 0, 6],
			"to": [2, 16, 10],
			"faces": {
				"north": {"uv": [10, 0, 12, 16], "texture": "#post"},
				"east": {"uv": [6, 0, 10, 16], "texture": "#post"},
				"south": {"uv": [10, 0, 12, 16], "texture": "#post"},
				"west": {"uv": [6, 0, 10, 16], "texture": "#post"},
				"up": {"uv": [2, 0, 4, 4], "texture": "#post", "cullface": "up"},
				"down": {"uv": [4, 0, 6, 4], "texture": "#post", "cullface": "down"}
			}
		}
	]
}