{
	"parent": "block/block",
	"ambientocclusion": false,
	"textures": {
		"particle": "block/big_dripleaf_top",
		"top": "block/big_dripleaf_top",
		"stem": "block/big_dripleaf_stem",
		"side": "block/big_dripleaf_side",
		"tip": "block/big_dripleaf_tip"
	},
	"elements": [
		{
			"from": [0, 0, 12],
			"to": [16, 15, 12],
			"shade": false,
			"rotation": {"angle": -45, "axis": "y", "origin": [8, 8, 12], "rescale": true},
			"faces": {
				"north": {"uv": [0, 1, 16, 16], "texture": "#stem"},
				"south": {"uv": [0, 1, 16, 16], "texture": "#stem"}
			}
		},
		{
			"from": [0, 0, 12],
			"to": [16, 15, 12],
			"shade": false,
			"rotation": {"angle": 45, "axis": "y", "origin": [8, 8, 12], "rescale": true},
			"faces": {
				"north": {"uv": [0, 1, 16, 16], "texture": "#stem"},
				"south": {"uv": [0, 1, 16, 16], "texture": "#stem"}
			}
		},
		{
			"from": [0.01, 11.02, 0.01],
			"to": [15.99, 15, 15.99],
			"rotation": {"angle": -45, "axis": "x", "origin": [8, 15, 16]},
			"faces": {
				"north": {"uv": [0, 0, 16, 4], "texture": "#tip"},
				"east": {"uv": [16, 0, 0, 4], "texture": "#side"},
				"west": {"uv": [0, 0, 16, 4], "texture": "#side"},
				"up": {"uv": [0, 0, 16, 16], "texture": "#top"}
			}
		},
		{
			"from": [15.99, 15, 15.99],
			"to": [0.01, 11.02, 0.01],
			"rotation": {"angle": -45, "axis": "x", "origin": [8, 15, 16]},
			"faces": {
				"east": {"uv": [0, 4, 16, 0], "texture": "#side"},
				"south": {"uv": [0, 4, 16, 0], "texture": "#tip"},
				"west": {"uv": [16, 4, 0, 0], "texture": "#side"},
				"down": {"uv": [16, 0, 0, 16], "texture": "#top"}
			}
		}
	]
}