{
	"textures": {
		"particle": "#texture"
	},
	"elements": [
		{
			"from": [5, -1, 6],
			"to": [11, 1, 10],
			"rotation": {"angle": 0, "axis": "y", "origin": [8, 1, 8]},
			"faces": {
				"north": {"uv": [5, 10, 11, 12], "texture": "#texture"},
				"east": {"uv": [3, 6, 5, 10], "rotation": 270, "texture": "#texture"},
				"south": {"uv": [11, 4, 5, 6], "rotation": 180, "texture": "#texture"},
				"west": {"uv": [11, 6, 13, 10], "rotation": 90, "texture": "#texture"},
				"up": {"uv": [11, 10, 5, 6], "texture": "#texture"},
				"down": {"uv": [11, 6, 5, 10], "texture": "#texture", "cullface": "down"}
			}
		}
	]
}