{
	"parent": "block/block",
	"ambientocclusion": false,
	"textures": {
		"texture": "block/lightning_rod_on",
		"particle": "block/copper_block"
	},
	"elements": [
		{
			"from": [6, 12, 6],
			"to": [10, 16, 10],
			"shade": false,
			"faces": {
				"north": {"uv": [0, 0, 4, 4], "texture": "#texture"},
				"east": {"uv": [0, 0, 4, 4], "texture": "#texture"},
				"south": {"uv": [0, 0, 4, 4], "texture": "#texture"},
				"west": {"uv": [0, 0, 4, 4], "texture": "#texture"},
				"up": {"uv": [4, 4, 0, 0], "texture": "#texture"},
				"down": {"uv": [0, 0, 4, 4], "texture": "#texture"}
			}
		},
		{
			"from": [7, 0, 7],
			"to": [9, 12, 9],
			"shade": false,
			"faces": {
				"north": {"uv": [0, 4, 2, 16], "texture": "#texture"},
				"east": {"uv": [0, 4, 2, 16], "texture": "#texture"},
				"south": {"uv": [0, 4, 2, 16], "texture": "#texture"},
				"west": {"uv": [0, 4, 2, 16], "texture": "#texture"},
				"down": {"uv": [0, 4, 2, 16], "texture": "#texture"}
			}
		},
		{
			"from": [8.5, 4.5, 9],
			"to": [8.5, 11.5, 17],
			"shade": false,
			"rotation": {"angle": 45, "axis": "z", "origin": [8.5, 8, 9]},
			"faces": {
				"east": {"uv": [7, 0, 15, 7], "texture": "#texture"},
				"west": {"uv": [7, 0, 15, 7], "texture": "#texture"}
			}
		},
		{
			"from": [0, 7, 7],
			"to": [8, 14, 7],
			"shade": false,
			"rotation": {"angle": -45, "axis": "y", "origin": [7, 10.5, 7]},
			"faces": {
				"north": {"uv": [7, 0, 15, 7], "texture": "#texture"},
				"south": {"uv": [7, 0, 15, 7], "texture": "#texture"}
			}
		},
		{
			"from": [5.5, 14.5, 8],
			"to": [12.5, 19.5, 8],
			"shade": false,
			"rotation": {"angle": -45, "axis": "z", "origin": [10, 13.5, 8]},
			"faces": {
				"north": {"uv": [10, 0, 15, 7], "rotation": 90, "texture": "#texture"},
				"south": {"uv": [10, 0, 15, 7], "rotation": 270, "texture": "#texture"}
			}
		},
		{
			"from": [1.5, 0.5, 8],
			"to": [7.5, 7.5, 8],
			"shade": false,
			"rotation": {"angle": 0, "axis": "z", "origin": [12, 4, 8]},
			"faces": {
				"north": {"uv": [15, 0, 9, 7], "rotation": 180, "texture": "#texture"},
				"south": {"uv": [9, 0, 15, 7], "rotation": 180, "texture": "#texture"}
			}
		}
	],
	"groups": [
		0,
		1,
		{
			"name": "zappy bits",
			"origin": [10, 13.5, 8],
			"color": 0,
			"children": [2, 3, 4, 5]
		}
	]
}