{
	"ambientocclusion": false,
	"textures": {
		"particle": "block/pink_petals",
		"flowerbed": "block/pink_petals",
		"stem": "block/pink_petals_stem"
	},
	"elements": [
		{
			"from": [0, 1, 8],
			"to": [8, 1, 16],
			"shade": false,
			"faces": {
				"up": {"uv": [0, 8, 8, 16], "texture": "#flowerbed"},
				"down": {"uv": [0, 16, 8, 8], "texture": "#flowerbed"}
			}
		},
		{
			"from": [3, 0, 11.5],
			"to": [6, 1, 11.5],
			"shade": false,
			"rotation": {"angle": -45, "axis": "y", "origin": [4.5, 0.5, 11.5], "rescale": true},
			"faces": {
				"north": {"uv": [0, 6, 3, 7], "texture": "#stem", "tintindex": 1},
				"south": {"uv": [0, 6, 3, 7], "texture": "#stem", "tintindex": 1}
			}
		},
		{
			"from": [4.5, 0, 10],
			"to": [4.5, 1, 13],
			"shade": false,
			"rotation": {"angle": -45, "axis": "y", "origin": [4.5, 0.5, 11.5], "rescale": true},
			"faces": {
				"east": {"uv": [0, 6, 3, 7], "texture": "#stem", "tintindex": 1},
				"west": {"uv": [0, 6, 3, 7], "texture": "#stem", "tintindex": 1}
			}
		}
	]
}