{
	"ambientocclusion": false,
	"textures": {
		"particle": "block/pink_petals",
		"flowerbed": "block/pink_petals",
		"stem": "block/pink_petals_stem"
	},
	"elements": [
		{
			"from": [0, 3, 0],
			"to": [8, 3, 8],
			"shade": false,
			"faces": {
				"up": {"uv": [0, 0, 8, 8], "texture": "#flowerbed"},
				"down": {"uv": [0, 8, 8, 0], "texture": "#flowerbed"}
			}
		},
		{
			"from": [6.5, 0, 5],
			"to": [6.5, 3, 8],
			"shade": false,
			"rotation": {"angle": -45, "axis": "y", "origin": [6.5, 1, 6.5], "rescale": true},
			"faces": {
				"east": {"uv": [0, 4, 3, 7], "texture": "#stem", "tintindex": 1},
				"west": {"uv": [0, 4, 3, 7], "texture": "#stem", "tintindex": 1}
			}
		},
		{
			"from": [6.5, 0, 5],
			"to": [6.5, 3, 8],
			"shade": false,
			"rotation": {"angle": 45, "axis": "y", "origin": [6.5, 1, 6.5], "rescale": true},
			"faces": {
				"east": {"uv": [0, 4, 3, 7], "texture": "#stem", "tintindex": 1},
				"west": {"uv": [0, 4, 3, 7], "texture": "#stem", "tintindex": 1}
			}
		},
		{
			"from": [1.5, 0, 4],
			"to": [1.5, 3, 7],
			"shade": false,
			"rotation": {"angle": -45, "axis": "y", "origin": [1.5, 1, 5.5], "rescale": true},
			"faces": {
				"east": {"uv": [0, 4, 3, 7], "texture": "#stem", "tintindex": 1},
				"west": {"uv": [0, 4, 3, 7], "texture": "#stem", "tintindex": 1}
			}
		},
		{
			"from": [1.5, 0, 4],
			"to": [1.5, 3, 7],
			"shade": false,
			"rotation": {"angle": 45, "axis": "y", "origin": [1.5, 1, 5.5], "rescale": true},
			"faces": {
				"east": {"uv": [0, 4, 3, 7], "texture": "#stem", "tintindex": 1},
				"west": {"uv": [0, 4, 3, 7], "texture": "#stem", "tintindex": 1}
			}
		},
		{
			"from": [4.5, 0, 0],
			"to": [4.5, 3, 3],
			"shade": false,
			"rotation": {"angle": -45, "axis": "y", "origin": [4.5, 1, 1.5], "rescale": true},
			"faces": {
				"east": {"uv": [0, 4, 3, 7], "texture": "#stem", "tintindex": 1},
				"west": {"uv": [0, 4, 3, 7], "texture": "#stem", "tintindex": 1}
			}
		},
		{
			"from": [4.5, 0, 0],
			"to": [4.5, 3, 3],
			"shade": false,
			"rotation": {"angle": 45, "axis": "y", "origin": [4.5, 1, 1.5], "rescale": true},
			"faces": {
				"east": {"uv": [0, 4, 3, 7], "texture": "#stem", "tintindex": 1},
				"west": {"uv": [0, 4, 3, 7], "texture": "#stem", "tintindex": 1}
			}
		}
	]
}