{
	"ambientocclusion": false,
	"textures": {
		"3": "block/pink_petals",
		"particle": "block/flower_pot",
		"flowerpot": "block/flower_pot",
		"soil": "block/dirt",
		"plant": "block/pink_petals_stem_pot"
	},
	"elements": [
		{
			"name": "inside",
			"from": [10, 6, 10],
			"to": [6, 4, 6],
			"faces": {
				"north": {"uv": [6, 12, 10, 10], "texture": "#flowerpot"},
				"east": {"uv": [6, 12, 10, 10], "texture": "#flowerpot"},
				"south": {"uv": [6, 12, 10, 10], "texture": "#flowerpot"},
				"west": {"uv": [6, 12, 10, 10], "texture": "#flowerpot"},
				"up": {"uv": [6, 6, 10, 10], "texture": "#soil"}
			}
		},
		{
			"name": "outside",
			"from": [5, 0, 5],
			"to": [11, 6, 11],
			"faces": {
				"north": {"uv": [5, 10, 11, 16], "texture": "#flowerpot"},
				"east": {"uv": [5, 10, 11, 16], "texture": "#flowerpot"},
				"south": {"uv": [5, 10, 11, 16], "texture": "#flowerpot"},
				"west": {"uv": [5, 10, 11, 16], "texture": "#flowerpot"},
				"up": {"uv": [5, 5, 11, 11], "texture": "#flowerpot"},
				"down": {"uv": [5, 0, 11, 6], "texture": "#flowerpot", "cullface": "down"}
			}
		},
		{
			"from": [6, 4, 9.5],
			"to": [7, 10, 9.5],
			"shade": false,
			"rotation": {"angle": 45, "axis": "y", "origin": [6.5, 8, 9.5], "rescale": true},
			"faces": {
				"north": {"uv": [7, 6, 8, 12], "texture": "#plant"},
				"south": {"uv": [7, 6, 8, 12], "texture": "#plant"}
			}
		},
		{
			"from": [6.5, 4, 9],
			"to": [6.5, 10, 10],
			"shade": false,
			"rotation": {"angle": 45, "axis": "y", "origin": [6.5, 8, 9.5], "rescale": true},
			"faces": {
				"east": {"uv": [7, 6, 8, 12], "texture": "#plant"},
				"west": {"uv": [7, 6, 8, 12], "texture": "#plant"}
			}
		},
		{
			"from": [3, 10, 6],
			"to": [10, 10, 13],
			"shade": false,
			"rotation": {"angle": 0, "axis": "y", "origin": [-1.5, 0, 1.5]},
			"faces": {
				"up": {"uv": [1, 8, 8, 15], "texture": "#3"},
				"down": {"uv": [1, 8, 8, 15], "texture": "#3"}
			}
		},
		{
			"from": [7, 4, 7],
			"to": [8, 8, 7],
			"shade": false,
			"rotation": {"angle": 45, "axis": "y", "origin": [7.5, 8, 7], "rescale": true},
			"faces": {
				"north": {"uv": [7, 6, 8, 10], "texture": "#plant"},
				"south": {"uv": [7, 6, 8, 10], "texture": "#plant"}
			}
		},
		{
			"from": [7.5, 4, 6.5],
			"to": [7.5, 8, 7.5],
			"shade": false,
			"rotation": {"angle": 45, "axis": "y", "origin": [7.5, 8, 7], "rescale": true},
			"faces": {
				"east": {"uv": [7, 6, 8, 10], "texture": "#plant"},
				"west": {"uv": [7, 6, 8, 10], "texture": "#plant"}
			}
		},
		{
			"from": [5.5, 8, 5],
			"to": [9.5, 8, 9],
			"shade": false,
			"rotation": {"angle": 0, "axis": "y", "origin": [-0.5, 0, -1]},
			"faces": {
				"up": {"uv": [10, 12, 14, 16], "texture": "#3"},
				"down": {"uv": [10, 12, 14, 16], "texture": "#3"}
			}
		},
		{
			"from": [9, 4, 9],
			"to": [10, 9, 9],
			"shade": false,
			"rotation": {"angle": 45, "axis": "y", "origin": [9.5, 9, 9], "rescale": true},
			"faces": {
				"north": {"uv": [7, 6, 8, 11], "texture": "#plant"},
				"south": {"uv": [7, 6, 8, 11], "texture": "#plant"}
			}
		},
		{
			"from": [9.5, 4, 8.5],
			"to": [9.5, 9, 9.5],
			"shade": false,
			"rotation": {"angle": 45, "axis": "y", "origin": [9.5, 9, 9], "rescale": true},
			"faces": {
				"east": {"uv": [7, 6, 8, 11], "texture": "#plant"},
				"west": {"uv": [7, 6, 8, 11], "texture": "#plant"}
			}
		},
		{
			"from": [8, 9, 7.5],
			"to": [11, 9, 10.5],
			"shade": false,
			"rotation": {"angle": 0, "axis": "y", "origin": [1.5, 1, 1]},
			"faces": {
				"up": {"uv": [3, 0, 6, 3], "texture": "#3"},
				"down": {"uv": [3, 0, 6, 3], "texture": "#3"}
			}
		}
	],
	"display": {},
	"groups": [
		{
			"name": "pot",
			"origin": [0, 0, 0],
			"color": 0,
			"children": [0, 1]
		},
		{
			"name": "flower",
			"origin": [8, 8, 8],
			"color": 0,
			"shade": false,
			"children": [2, 3, 4]
		},
		{
			"name": "flower",
			"origin": [8, 8, 8],
			"color": 0,
			"shade": false,
			"children": [5, 6, 7]
		},
		{
			"name": "flower",
			"origin": [8, 8, 8],
			"color": 0,
			"shade": false,
			"children": [8, 9, 10]
		}
	]
}