{
	"ambientocclusion": false,
	"textures": {
		"particle": "block/flower_pot",
		"flowerpot": "block/flower_pot",
		"cactus_top": "block/potted_cactus_top",
		"cactus": "block/potted_cactus_side"
	},
	"elements": [
		{
			"name": "pot",
			"from": [5, 0, 5],
			"to": [11, 6, 11],
			"faces": {
				"north": {"uv": [5, 10, 11, 16], "texture": "#flowerpot"},
				"east": {"uv": [5, 10, 11, 16], "texture": "#flowerpot"},
				"south": {"uv": [5, 10, 11, 16], "texture": "#flowerpot"},
				"west": {"uv": [5, 10, 11, 16], "texture": "#flowerpot"},
				"up": {"uv": [5, 5, 11, 11], "texture": "#flowerpot"},
				"down": {"uv": [5, 5, 6, 11], "texture": "#flowerpot", "cullface": "down"}
			}
		},
		{
			"name": "cactus",
			"from": [5, 5, 6],
			"to": [11, 16, 10],
			"faces": {
				"north": {"uv": [5, 3, 11, 14], "texture": "#cactus"},
				"south": {"uv": [5, 3, 11, 14], "texture": "#cactus"},
				"up": {"uv": [5, 6, 11, 10], "texture": "#cactus_top", "cullface": "up"}
			}
		},
		{
			"name": "cactus",
			"from": [6, 5, 5],
			"to": [10, 16, 11],
			"faces": {
				"east": {"uv": [5, 3, 11, 14], "texture": "#cactus"},
				"west": {"uv": [5, 3, 11, 14], "texture": "#cactus"},
				"up": {"uv": [6, 5, 10, 11], "texture": "#cactus_top", "cullface": "up"}
			}
		}
	]
}