{
  "parent": "minecraft:item/generated",
  "textures": {
    "layer0": "minecraft:item/apple",
    "particle": "item/apple_particle"
      },
    
      "overrides": [
        {
          "predicate": {
            "eating": 1,
            "eat": 0.35
          },
          "model": "item/apple_eating_0"
        },
        {
          "predicate": {
            "eating": 1,
            "eat": 0.70
          },
          "model": "item/apple_eating_1"
        },
    
        {
          "predicate": {
    
            "eating": 1,
            "eat": 0.90
          },
          "model": "item/apple_eating_2"
        }
      ]
    }