{
	"credit": "Stardust did something here",
	"parent": "minecraft:item/generated",
	"textures": {
		"layer0": "item/baked_potato"
	},
	"overrides": [

		{
		  "predicate": {
			"eating": 1,
			"eat": 0.35
		  },
		  "model": "item/baked_potato_eating_0"
		},
		{
		  "predicate": {
			"eating": 1,
			"eat": 0.70
		  },
		  "model": "item/baked_potato_eating_1"
		},
	
		{
		  "predicate": {
	
			"eating": 1,
			"eat": 0.90
		  },
		  "model": "item/baked_potato_eating_2"
		}
	  ],

	"display": {
		},
		"gui": {
			"translation": [-0.5, 0, 0]
		},
		"head": {
			"rotation": [0, 180, 0],
			"translation": [0.5, 13, 0]
		},
		"fixed": {
			"rotation": [0, 180, 0],
			"translation": [0.5, 0, 0]
		}
	}