{
	"credit": "Stardust did something here",
	"parent": "minecraft:item/generated",
	"textures": {
		"layer0": "item/beef"
	},

	"overrides": [

		{
		  "predicate": {
			"eating": 1,
			"eat": 0.35
		  },
		  "model": "item/beef_eating_0"
		},
		{
		  "predicate": {
			"eating": 1,
			"eat": 0.70
		  },
		  "model": "item/beef_eating_1"
		},
	
		{
		  "predicate": {
	
			"eating": 1,
			"eat": 0.90
		  },
		  "model": "item/beef_eating_2"
		}
	  ],
	  
	"display": {
		"thirdperson_righthand": {
			"translation": [0.5, 3.25, 1],
			"scale": [0.55, 0.55, 0.55]
		},
		"thirdperson_lefthand": {
			"translation": [-0.5, 3.25, 1],
			"scale": [0.55, 0.55, 0.55]
		},
		"gui": {
			"translation": [-0.5, 0, 0]
		},
		"head": {
			"rotation": [0, 180, 0],
			"translation": [0.5, 13, 0.25]
		},
		"fixed": {
			"rotation": [0, 180, 0],
			"translation": [0.5, 0, 0]
		}
	}
}