{
  "parent": "minecraft:item/bowl",
  "textures": {
    "layer0": "minecraft:item/beetroot_soup",
    "particle": "item/beetroot_soup_particle"
  },

  "overrides": [

    {
      "predicate": {
        "eating": 1,
        "eat": 0.35
      },
      "model": "item/beetroot_soup_eating_0"
    },
    {
      "predicate": {
        "eating": 1,
        "eat": 0.70
      },
      "model": "item/beetroot_soup_eating_1"
    },

    {
      "predicate": {

        "eating": 1,
        "eat": 0.90
      },
      "model": "item/beetroot_soup_eating_2"
    }
  ]
}