{
  "parent": "item/generated",
  "textures": {
    "layer0": "eatinganimationid:item/bread_eating_0"
  },

	"display": {
		"thirdperson_righthand": {
			"rotation": [0, 180, 0],
			"translation": [-1.75, 3, 1],
			"scale": [0.55, 0.55, 0.55]
		},
		"thirdperson_lefthand": {
			"translation": [-1.75, 3, 1],
			"scale": [0.55, 0.55, 0.55]
		},
		"firstperson_righthand": {
			"rotation": [0, -90, 25],
			"translation": [1.13, 3.2, 1.13],
			"scale": [0.68, 0.68, 0.68]
		},
		"firstperson_lefthand": {
			"rotation": [0, 90, -25],
			"translation": [1.13, 3.2, 1.13],
			"scale": [0.68, 0.68, 0.68]
		},
		"head": {
			"rotation": [0, 180, -45],
			"translation": [-0.75, 10.5, 0.25]
		}
	}
}