{
	"credit": "The Stardust System did something here",
	"parent": "block/block",
	"textures": {
		"particle": "#texture"
	},
	"elements": [
		{
			"from": [5, 6, 6],
			"to": [11, 10, 10],
			"rotation": {"angle": 0, "axis": "y", "origin": [8, 8, 8]},
			"faces": {
				"north": {"uv": [6, 0, 12, 2], "texture": "#texture"},
				"east": {"uv": [6, 4, 10, 6], "texture": "#texture"},
				"south": {"uv": [6, 2, 12, 4], "texture": "#texture"},
				"west": {"uv": [6, 6, 10, 8], "texture": "#texture"},
				"up": {"uv": [6, 4, 0, 0], "texture": "#texture"},
				"down": {"uv": [6, 4, 0, 8], "texture": "#texture"}
			}
		}
	],
	"display": {
		"thirdperson_righthand": {
			"rotation": [0, 90, 10],
			"translation": [0, 0.75, 0.75],
			"scale": [0.55, 0.3, 0.55]
		},
		"thirdperson_lefthand": {
			"rotation": [0, 90, 10],
			"translation": [0, 0.75, 0.75],
			"scale": [0.55, 0.3, 0.55]
		},
		"firstperson_righthand": {
			"rotation": [20, -75, 15],
			"translation": [1.13, 1.7, 1.13],
			"scale": [0.6, 0.4, 0.6]
		},
		"firstperson_lefthand": {
			"rotation": [20, -75, 15],
			"translation": [1.13, 1.7, 1.13],
			"scale": [0.6, 0.4, 0.6]
		},
		"head": {
			"translation": [0, 8.25, 0]
		}
	}
}