{
  "parent": "minecraft:item/generated",
  "textures": {
    "layer0": "minecraft:item/totem_of_undying"
  },  
  "display": {
        "ground": {
            "rotation": [ 0, 0, 0 ],
            "translation": [ 0, 2, 0],
            "scale":[ 0.6, 0.6, 0.6 ]
        },
        "thirdperson_righthand": {
            "rotation": [ 0, 0, 0 ],
            "translation": [ 0, 3, 1 ],
            "scale": [ 0.6, 0.6, 0.6 ]
        },
        "fixed": {
            "rotation": [ 0, 180, 0 ],
            "translation": [ 0, -4, 0 ],
            "scale": [ 0.25, 0.25, 0.25 ]
        }
  }
}