{
	"credit": "The Stardust System did something here",
	"parent": "minecraft:block/template_farmland",
	"textures": {
		"2": "block/farmland/farmland_m0/farmland_top_1",
		"3": "block/farmland/farmland_m0/farmland_side_1",
		"4": "block/farmland/farmland_m0/farmland_front_1",
		"particle": "block/dirt",
		"dirt": "block/dirt"
	},
	"elements": [
		{
			"from": [0, 0, 0],
			"to": [16, 15, 16],
			"faces": {
				"north": {"uv": [0, 1, 16, 16], "texture": "#4"},
				"east": {"uv": [0, 1, 16, 16], "texture": "#3"},
				"south": {"uv": [0, 1, 16, 16], "texture": "#4"},
				"west": {"uv": [0, 1, 16, 16], "texture": "#3"},
				"up": {"uv": [0, 0, 16, 16], "texture": "#2"},
				"down": {"uv": [0, 0, 16, 16], "texture": "#dirt"}
			}
		}
	]
}