{
	"credit": "The Stardust System did something here",
	"textures": {
		"particle": "#texture"
	},
	"elements": [
		{
			"from": [5, 0, 6],
			"to": [11, 1, 10],
			"faces": {
				"north": {"uv": [6, 0, 12, 1], "texture": "#texture"},
				"east": {"uv": [6, 4, 10, 5], "texture": "#texture"},
				"south": {"uv": [6, 2, 12, 3], "texture": "#texture"},
				"west": {"uv": [6, 6, 10, 7], "texture": "#texture"},
				"up": {"uv": [6, 4, 0, 0], "texture": "#texture"},
				"down": {"uv": [6, 4, 0, 8], "texture": "#texture", "cullface": "down"}
			}
		}
	]
}