{
	"credit": "Made by StormDragon77",
	"parent": "block/block",
	"texture_size": [64, 32],
	"textures": {
		"1": "./enchanting_table"
	},
	"elements": [
		{
			"from": [0, 0, 0],
			"to": [16, 12, 16],
			"faces": {
				"north": {"uv": [8, 10, 12, 16], "texture": "#1", "cullface": "north"},
				"east": {"uv": [8, 10, 12, 16], "texture": "#1", "cullface": "east"},
				"south": {"uv": [8, 10, 12, 16], "texture": "#1", "cullface": "south"},
				"west": {"uv": [8, 10, 12, 16], "texture": "#1", "cullface": "west"},
				"up": {"uv": [12, 0, 16, 8], "texture": "#1"},
				"down": {"uv": [12, 8, 16, 16], "texture": "#1", "cullface": "down"}
			}
		},
		{
			"from": [3, 12.5, 10.75],
			"to": [13, 14.5, 10.75],
			"rotation": {"angle": -22.5, "axis": "y", "origin": [8, 13.5, 8]},
			"faces": {
				"north": {"uv": [3.5, 0, 4, 5], "rotation": 270, "texture": "#1"},
				"south": {"uv": [4, 0, 4.5, 5], "rotation": 270, "texture": "#1"}
			}
		},
		{
			"from": [3, 12.5, 4.75],
			"to": [13, 12.5, 10.75],
			"rotation": {"angle": -22.5, "axis": "y", "origin": [8, 13.5, 8]},
			"faces": {
				"up": {"uv": [0, 0, 1.5, 5], "rotation": 90, "texture": "#1"},
				"down": {"uv": [1.5, 0, 3, 5], "rotation": 90, "texture": "#1"}
			}
		},
		{
			"from": [3, 14.5, 4.75],
			"to": [13, 14.5, 10.75],
			"rotation": {"angle": -22.5, "axis": "y", "origin": [8, 13.5, 8]},
			"faces": {
				"up": {"uv": [0, 0, 1.5, 5], "rotation": 90, "texture": "#1"},
				"down": {"uv": [1.5, 0, 3, 5], "rotation": 90, "texture": "#1"}
			}
		},
		{
			"from": [4, 12.5, 5.75],
			"to": [12, 14.5, 10.75],
			"rotation": {"angle": -22.5, "axis": "y", "origin": [8, 13.5, 8]},
			"faces": {
				"north": {"uv": [1.25, 5, 1.75, 5.5], "rotation": 270, "texture": "#1"},
				"east": {"uv": [0.75, 5, 1.25, 5.5], "rotation": 90, "texture": "#1"},
				"west": {"uv": [1.25, 5, 1.75, 5.5], "rotation": 270, "texture": "#1"}
			}
		}
	],
	"display": {
		"gui": {
			"rotation": [30, -135, 0],
			"translation": [0, 1, 0],
			"scale": [0.625, 0.625, 0.625]
		}
	}
}