{
	"credit": "Made by StormDragon77",
	"textures": {
		"0": "./scarhat",
		"particle": "./scarhat"
	},
	"elements": [
		{
			"from": [4, 1, 2],
			"to": [12, 9, 14],
			"rotation": {"angle": 0, "axis": "y", "origin": [0, 1, -0.5]},
			"faces": {
				"north": {"uv": [6.5, 6, 8.5, 8], "texture": "#0"},
				"east": {"uv": [2, 6, 2.5, 8], "texture": "#0"},
				"south": {"uv": [6.5, 6, 8.5, 8], "texture": "#0"},
				"west": {"uv": [2, 6, 2.5, 8], "texture": "#0"}
			}
		},
		{
			"from": [2, 1, 4],
			"to": [14, 9, 12],
			"rotation": {"angle": 0, "axis": "y", "origin": [0.5, 1, 0]},
			"faces": {
				"north": {"uv": [2, 6, 2.5, 8], "texture": "#0"},
				"east": {"uv": [0, 6, 2, 8], "texture": "#0"},
				"south": {"uv": [2, 6, 2.5, 8], "texture": "#0"},
				"west": {"uv": [0, 6, 2, 8], "texture": "#0"}
			}
		},
		{
			"from": [3, 1, 3],
			"to": [13, 9, 13],
			"rotation": {"angle": 0, "axis": "y", "origin": [0, 1, 0]},
			"faces": {
				"north": {"uv": [2.5, 6, 4.5, 8], "texture": "#0"},
				"east": {"uv": [2.5, 6, 4.5, 8], "texture": "#0"},
				"south": {"uv": [2.5, 6, 4.5, 8], "texture": "#0"},
				"west": {"uv": [2.5, 6, 4.5, 8], "texture": "#0"},
				"up": {"uv": [5.5, 5, 7.5, 7], "texture": "#0"}
			}
		},
		{
			"from": [3, 8.9, 3],
			"to": [13, 13.5, 13],
			"rotation": {"angle": 0, "axis": "y", "origin": [0, 1, 0]},
			"faces": {
				"north": {"uv": [2.5, 5, 4.5, 6], "texture": "#0"},
				"east": {"uv": [2.5, 5, 4.5, 6], "texture": "#0"},
				"south": {"uv": [2.5, 5, 4.5, 6], "texture": "#0"},
				"west": {"uv": [2.5, 5, 4.5, 6], "texture": "#0"},
				"up": {"uv": [4.5, 5, 6.5, 7], "texture": "#0"}
			}
		},
		{
			"from": [1.95, 9, 4],
			"to": [4.95, 13.2, 12],
			"rotation": {"angle": 22.5, "axis": "z", "origin": [3.5, 9, 8]},
			"faces": {
				"north": {"uv": [2, 5, 2.5, 6], "texture": "#0"},
				"south": {"uv": [0, 5, 0.5, 6], "texture": "#0"},
				"west": {"uv": [0, 5, 2, 6], "texture": "#0"},
				"up": {"uv": [0, 5, 2, 5.5], "rotation": 90, "texture": "#0"}
			}
		},
		{
			"from": [10.95, 9, 4],
			"to": [13.95, 13.2, 12],
			"rotation": {"angle": -22.5, "axis": "z", "origin": [12.5, 9, 8]},
			"faces": {
				"north": {"uv": [2, 5, 2.5, 6], "texture": "#0"},
				"east": {"uv": [0, 5, 2, 6], "texture": "#0"},
				"south": {"uv": [2, 5, 2.5, 6], "texture": "#0"},
				"up": {"uv": [0, 5, 2, 5.5], "rotation": 90, "texture": "#0"}
			}
		},
		{
			"from": [4, 9, 2],
			"to": [12, 13.2, 5],
			"rotation": {"angle": -22.5, "axis": "x", "origin": [8, 9, 3.5]},
			"faces": {
				"north": {"uv": [0, 5, 2, 6], "texture": "#0"},
				"east": {"uv": [2, 5, 2.5, 6], "texture": "#0"},
				"west": {"uv": [2, 5, 2.5, 6], "texture": "#0"},
				"up": {"uv": [0, 5, 2, 5.5], "texture": "#0"}
			}
		},
		{
			"from": [4, 9, 11],
			"to": [12, 13.2, 14],
			"rotation": {"angle": 22.5, "axis": "x", "origin": [8, 9, 12.5]},
			"faces": {
				"east": {"uv": [2, 5, 2.5, 6], "texture": "#0"},
				"south": {"uv": [0, 5, 2, 6], "texture": "#0"},
				"west": {"uv": [2, 5, 2.5, 6], "texture": "#0"},
				"up": {"uv": [0, 5, 2, 5.5], "texture": "#0"}
			}
		},
		{
			"from": [0, 0, 0],
			"to": [16, 1, 16],
			"faces": {
				"north": {"uv": [1, 8.5, 5, 9], "texture": "#0"},
				"south": {"uv": [1, 8.5, 5, 9], "texture": "#0"},
				"up": {"uv": [1, 8.5, 5, 12.5], "texture": "#0"},
				"down": {"uv": [7, 8.5, 11, 12.5], "texture": "#0"}
			}
		},
		{
			"from": [-2, 0, 2],
			"to": [18, 1, 14],
			"faces": {
				"north": {"uv": [0, 9.5, 6, 10], "texture": "#0"},
				"east": {"uv": [1.5, 8, 4.5, 8.5], "texture": "#0"},
				"south": {"uv": [0.5, 9, 5, 9.5], "texture": "#0"},
				"west": {"uv": [1.5, 8, 4.5, 8.5], "texture": "#0"},
				"up": {"uv": [1.5, 8, 4.5, 13], "rotation": 90, "texture": "#0"},
				"down": {"uv": [7.5, 8, 10.5, 13], "rotation": 90, "texture": "#0"}
			}
		},
		{
			"from": [-1, 0, 0],
			"to": [0, 1, 16],
			"faces": {
				"north": {"uv": [0, 10, 0.5, 11], "texture": "#0"},
				"south": {"uv": [0, 10, 0.5, 11], "texture": "#0"},
				"west": {"uv": [0, 10, 0.5, 11], "texture": "#0"},
				"up": {"uv": [1, 8, 5, 8.5], "rotation": 90, "texture": "#0"},
				"down": {"uv": [7, 8, 11, 8.5], "rotation": 90, "texture": "#0"}
			}
		},
		{
			"from": [16, 0, 0],
			"to": [17, 1, 16],
			"faces": {
				"north": {"uv": [0, 10, 0.5, 11], "texture": "#0"},
				"east": {"uv": [1, 8, 5, 8.5], "texture": "#0"},
				"south": {"uv": [0, 10, 0.5, 11], "texture": "#0"},
				"up": {"uv": [1, 8, 5, 8.5], "rotation": 90, "texture": "#0"},
				"down": {"uv": [7, 8, 11, 8.5], "rotation": 90, "texture": "#0"}
			}
		},
		{
			"from": [1, 0, -1.75],
			"to": [15, 1, 0.25],
			"rotation": {"angle": 22.5, "axis": "x", "origin": [8, 0.5, 0.2]},
			"faces": {
				"north": {"uv": [0.5, 9, 1, 12], "rotation": 90, "texture": "#0"},
				"east": {"uv": [0.5, 9, 1, 9.5], "texture": "#0"},
				"west": {"uv": [0.5, 9, 1, 9.5], "texture": "#0"},
				"up": {"uv": [0.5, 9, 1, 12], "rotation": 90, "texture": "#0"},
				"down": {"uv": [0.5, 9, 1, 12], "rotation": 90, "texture": "#0"}
			}
		},
		{
			"from": [3, 0.82, -3.4],
			"to": [13, 1.82, -1.4],
			"rotation": {"angle": 45, "axis": "x", "origin": [8, 1.25, -1.55]},
			"faces": {
				"north": {"uv": [0, 9.5, 0.5, 11.5], "texture": "#0"},
				"east": {"uv": [0, 10, 0.5, 11], "texture": "#0"},
				"west": {"uv": [0, 10, 0.5, 11], "texture": "#0"},
				"up": {"uv": [0, 9.5, 0.5, 11.5], "texture": "#0"},
				"down": {"uv": [0, 9.5, 0.5, 11.5], "texture": "#0"}
			}
		},
		{
			"from": [1, 0.1, 15.75],
			"to": [15, 1.1, 17.75],
			"rotation": {"angle": -22.5, "axis": "x", "origin": [8, 0.5, 16]},
			"faces": {
				"east": {"uv": [0.5, 9, 1, 9.5], "texture": "#0"},
				"south": {"uv": [0.5, 9, 1, 12], "rotation": 90, "texture": "#0"},
				"west": {"uv": [0.5, 9, 1, 9.5], "texture": "#0"},
				"up": {"uv": [5, 9, 5.5, 12], "rotation": 90, "texture": "#0"},
				"down": {"uv": [0.5, 9, 1, 12], "rotation": 90, "texture": "#0"}
			}
		},
		{
			"from": [3, 0.95, 17.5],
			"to": [13, 1.95, 19.5],
			"rotation": {"angle": -45, "axis": "x", "origin": [8, 1.25, 17.75]},
			"faces": {
				"east": {"uv": [0, 10, 0.5, 11], "texture": "#0"},
				"south": {"uv": [0, 9.5, 0.5, 11.5], "texture": "#0"},
				"west": {"uv": [0, 10, 0.5, 11], "texture": "#0"},
				"up": {"uv": [5.5, 9.5, 6, 11.5], "texture": "#0"},
				"down": {"uv": [0, 9.5, 0.5, 11.5], "texture": "#0"}
			}
		}
	],
	"display": {
		"thirdperson_righthand": {
			"rotation": [0, 90, 0],
			"translation": [0, 11.5, 0]
		},
		"thirdperson_lefthand": {
			"rotation": [0, 90, 0],
			"translation": [0, 11.5, 0]
		},
		"firstperson_righthand": {
			"rotation": [0, 90, 0],
			"translation": [-0.25, 12.5, 0]
		},
		"firstperson_lefthand": {
			"rotation": [0, 90, 0],
			"translation": [-0.25, 12.5, 0]
		},
		"ground": {
			"translation": [0, 14, 0]
		},
		"gui": {
			"rotation": [0, 90, 0],
			"translation": [0, 14.25, 0]
		},
		"head": {
			"rotation": [0, 90, 0],
			"translation": [0, 14.25, 0]
		},
		"fixed": {
			"rotation": [0, 90, 0],
			"translation": [0, 15.25, 0]
		}
	}
}