{
	"ambientocclusion": false,
	"textures": {
		"particle": "block/sugar_cane",
		"side": "block/sugar_cane",
		"bottom": "block/sugar_cane_bottom"
	},
	"elements": [ 	 
		{
			"from": [ 2, -3, 2 ],
			"to": [ 4, 13, 4 ],
			"shade": true,
			"faces": {
				"up": { "uv": [ 7, 6, 9, 8 ], "texture": "#bottom" },
				"north": { "uv": [ 1, 0, 3, 16 ], "texture": "#side" },
				"south": { "uv": [ 1, 0, 3, 16 ], "texture": "#side" },
				"west": { "uv": [ 1, 0, 3, 16 ], "texture": "#side" },
				"east": { "uv": [ 1, 0, 3, 16 ], "texture": "#side" }
			}
		},
		{
			"from": [ 12, 0, 1 ],
			"to": [ 14, 16, 3 ],
			"shade": true,
			"faces": {
				"up": { "uv": [ 3, 3, 5, 5 ], "texture": "#bottom" },
				"north": { "uv": [ 5, 0, 7, 16 ], "texture": "#side" },
				"south": { "uv": [ 5, 0, 7, 16 ], "texture": "#side" },
				"west": { "uv": [ 5, 0, 7, 16 ], "texture": "#side" },
				"east": { "uv": [ 5, 0, 7, 16 ], "texture": "#side" }
			}
		},
		{
			"from": [ 6, -5, 7 ],
			"to": [ 8, 11, 9 ],
			"shade": true,
			"faces": {
				"up": { "uv": [ 8, 7, 10, 9 ], "texture": "#bottom" },
				"north": { "uv": [ 9, 0, 11, 16 ], "texture": "#side" },
				"south": { "uv": [ 9, 0, 11, 16 ], "texture": "#side" },
				"west": { "uv": [ 9, 0, 11, 16 ], "texture": "#side" },
				"east": { "uv": [ 9, 0, 11, 16 ], "texture": "#side" }
			}
		},
		{
			"from": [ 13, -2, 7 ],
			"to": [ 15, 14, 9 ],
			"shade": true,
			"faces": {
				"up": { "uv": [ 2, 12, 4, 14 ], "texture": "#bottom" },
				"north": { "uv": [ 13, 0, 15, 16 ], "texture": "#side" },
				"south": { "uv": [ 13, 0, 15, 16 ], "texture": "#side" },
				"west": { "uv": [ 13, 0, 15, 16 ], "texture": "#side" },
				"east": { "uv": [ 13, 0, 15, 16 ], "texture": "#side" }
			}
		},
		{
			"from": [ 10, -1, 12 ],
			"to": [ 12, 15, 14 ],
			"shade": true,
			"faces": {
				"up": { "uv": [ 10, 10, 12, 12 ], "texture": "#bottom", "cullface": "up" },
				"north": { "uv": [ 1, 0, 3, 16 ], "texture": "#side" },
				"south": { "uv": [ 1, 0, 3, 16 ], "texture": "#side" },
				"west": { "uv": [ 1, 0, 3, 16 ], "texture": "#side" },
				"east": { "uv": [ 1, 0, 3, 16 ], "texture": "#side" }
			}
		},
		{
			"from": [ 3, 0, 13 ],
			"to": [ 5, 16, 15 ],
			"shade": true,
			"faces": {
				"up": { "uv": [ 6, 6, 8, 8 ], "texture": "#bottom" },
				"north": { "uv": [ 5, 0, 7, 16 ], "texture": "#side" },
				"south": { "uv": [ 5, 0, 7, 16 ], "texture": "#side" },
				"west": { "uv": [ 5, 0, 7, 16 ], "texture": "#side" },
				"east": { "uv": [ 5, 0, 7, 16 ], "texture": "#side" }
			}
		},
		{
			"from": [ 1, 3, 2 ],
			"to": [ 2, 5, 3 ],
			"shade": true,
			"faces": {
				"down": { "uv": [ 0, 9, 1, 10 ], "texture": "#side" },
				"up": { "uv": [ 0, 8, 1, 9 ], "texture": "#side" },
				"north": { "uv": [ 0, 8, 1, 10 ], "texture": "#side" },
				"south": { "uv": [ 0, 8, 1, 10 ], "texture": "#side" },
				"west": { "uv": [ 0, 8, 1, 10 ], "texture": "#side" }
			}
		},
		{
			"from": [ 11, 6, 2 ],
			"to": [ 12, 8, 3 ],
			"shade": true,
			"faces": {
				"down": { "uv": [ 0, 9, 1, 10 ], "texture": "#side" },
				"up": { "uv": [ 0, 8, 1, 9 ], "texture": "#side" },
				"north": { "uv": [ 0, 8, 1, 10 ], "texture": "#side" },
				"south": { "uv": [ 0, 8, 1, 10 ], "texture": "#side" },
				"west": { "uv": [ 0, 8, 1, 10 ], "texture": "#side" }
			}
		},
		{
			"from": [ 9, 10, 12 ],
			"to": [ 10, 12, 13 ],
			"shade": true,
			"faces": {
				"down": { "uv": [ 0, 9, 1, 10 ], "texture": "#side" },
				"up": { "uv": [ 0, 8, 1, 9 ], "texture": "#side" },
				"north": { "uv": [ 0, 8, 1, 10 ], "texture": "#side" },
				"south": { "uv": [ 0, 8, 1, 10 ], "texture": "#side" },
				"west": { "uv": [ 0, 8, 1, 10 ], "texture": "#side" }
			}
		},
		{
			"from": [ 14, 12, 1 ],
			"to": [ 15, 14, 2 ],
			"shade": true,
			"faces": {
				"down": { "uv": [ 0, 9, 1, 10 ], "texture": "#side" },
				"up": { "uv": [ 0, 8, 1, 9 ], "texture": "#side" },
				"north": { "uv": [ 0, 8, 1, 10 ], "texture": "#side" },
				"south": { "uv": [ 0, 8, 1, 10 ], "texture": "#side" },
				"east": { "uv": [ 0, 8, 1, 10 ], "texture": "#side" }
			}
		},
		{
			"from": [ 8, 6, 8 ],
			"to": [ 9, 8, 9 ],
			"shade": true,
			"faces": {
				"down": { "uv": [ 0, 9, 1, 10 ], "texture": "#side" },
				"up": { "uv": [ 0, 8, 1, 9 ], "texture": "#side" },
				"north": { "uv": [ 0, 8, 1, 10 ], "texture": "#side" },
				"south": { "uv": [ 0, 8, 1, 10 ], "texture": "#side" },
				"east": { "uv": [ 0, 8, 1, 10 ], "texture": "#side" }
			}
		},
		{
			"from": [ 3, 7, 1 ],
			"to": [ 4, 9, 2 ],
			"shade": true,
			"faces": {
				"down": { "uv": [ 0, 9, 1, 10 ], "texture": "#side" },
				"up": { "uv": [ 0, 8, 1, 9 ], "texture": "#side" },
				"north": { "uv": [ 0, 8, 1, 10 ], "texture": "#side" },
				"west": { "uv": [ 0, 8, 1, 10 ], "texture": "#side" },
				"east": { "uv": [ 0, 8, 1, 10 ], "texture": "#side" }
			}
		},
		{
			"from": [ 3, 8, 15 ],
			"to": [ 4, 10, 16 ],
			"shade": true,
			"faces": {
				"down": { "uv": [ 0, 9, 1, 10 ], "texture": "#side" },
				"up": { "uv": [ 0, 8, 1, 9 ], "texture": "#side" },
				"south": { "uv": [ 0, 8, 1, 10 ], "texture": "#side" },
				"west": { "uv": [ 0, 8, 1, 10 ], "texture": "#side" },
				"east": { "uv": [ 0, 8, 1, 10 ], "texture": "#side" }
			}
		},
		{
			"from": [ 5, 2, 13 ],
			"to": [ 6, 4, 14 ],
			"shade": true,
			"faces": {
				"down": { "uv": [ 0, 9, 1, 10 ], "texture": "#side" },
				"up": { "uv": [ 0, 8, 1, 9 ], "texture": "#side" },
				"north": { "uv": [ 0, 8, 1, 10 ], "texture": "#side" },
				"south": { "uv": [ 0, 8, 1, 10 ], "texture": "#side" },
				"east": { "uv": [ 0, 8, 1, 10 ], "texture": "#side" }
			}
		},
		{
			"from": [ 5, 1, 7 ],
			"to": [ 6, 3, 8 ],
			"shade": true,
			"faces": {
				"down": { "uv": [ 0, 9, 1, 10 ], "texture": "#side" },
				"up": { "uv": [ 0, 8, 1, 9 ], "texture": "#side" },
				"north": { "uv": [ 0, 8, 1, 10 ], "texture": "#side" },
				"south": { "uv": [ 0, 8, 1, 10 ], "texture": "#side" },
				"west": { "uv": [ 0, 8, 1, 10 ], "texture": "#side" }
			}
		},
		{
			"from": [ 11, 3, 11 ],
			"to": [ 12, 5, 12 ],
			"shade": true,
			"faces": {
				"down": { "uv": [ 0, 9, 1, 10 ], "texture": "#side" },
				"up": { "uv": [ 0, 8, 1, 9 ], "texture": "#side" },
				"north": { "uv": [ 0, 8, 1, 10 ], "texture": "#side" },
				"west": { "uv": [ 0, 8, 1, 10 ], "texture": "#side" },
				"east": { "uv": [ 0, 8, 1, 10 ], "texture": "#side" }
			}
		},
		{
			"from": [ 14, 1, 6 ],
			"to": [ 15, 3, 7 ],
			"shade": true,
			"faces": {
				"down": { "uv": [ 0, 9, 1, 10 ], "texture": "#side" },
				"up": { "uv": [ 0, 8, 1, 9 ], "texture": "#side" },
				"north": { "uv": [ 0, 8, 1, 10 ], "texture": "#side" },
				"west": { "uv": [ 0, 8, 1, 10 ], "texture": "#side" },
				"east": { "uv": [ 0, 8, 1, 10 ], "texture": "#side" }
			}
		},
		{
			"from": [ 2, 13, 13 ],
			"to": [ 3, 14, 14 ],
			"shade": true,
			"faces": {
				"down": { "uv": [ 4, 10, 5, 11 ], "texture": "#side" },
				"up": { "uv": [ 4, 10, 5, 11 ], "texture": "#side" },
				"north": { "uv": [ 4, 10, 5, 11 ], "texture": "#side" },
				"south": { "uv": [ 4, 10, 5, 11 ], "texture": "#side" },
				"west": { "uv": [ 4, 10, 5, 11 ], "texture": "#side" }
			}
		}
	]
}