{
  "variants": {
    "berries=false": [
      {"model": "minecraft:block/cave_vines"},
      {"model": "minecraft:block/cave_vines/cave_vines_2"},
      {"model": "minecraft:block/cave_vines/cave_vines_3"},
      {"model": "minecraft:block/cave_vines/cave_vines_4"}
    ],
    "berries=true": [
      {"model": "minecraft:block/cave_vines_lit"},
      {"model": "minecraft:block/cave_vines/cave_vines_lit_2"},
      {"model": "minecraft:block/cave_vines/cave_vines_lit_3"},
      {"model": "minecraft:block/cave_vines/cave_vines_lit_4"}
    ]
  }
}