{
    "variants": {
        "":     [
            {"model": "block/classic_crafting_table/crafting_table", "weight": 30},
            {"model": "block/classic_crafting_table/crafting_table", "weight": 30, "y": 90},
            {"model": "block/classic_crafting_table/crafting_table", "weight": 30, "y": 180},
            {"model": "block/classic_crafting_table/crafting_table", "weight": 30, "y": 270},

            {"model": "block/classic_crafting_table/crafting_table1", "weight": 29},
            {"model": "block/classic_crafting_table/crafting_table1", "weight": 29, "y": 90},
            {"model": "block/classic_crafting_table/crafting_table1", "weight": 29, "y": 180},
            {"model": "block/classic_crafting_table/crafting_table1", "weight": 29, "y": 270},

            {"model": "block/classic_crafting_table/crafting_table2", "weight": 29},
            {"model": "block/classic_crafting_table/crafting_table2", "weight": 29, "y": 90},
            {"model": "block/classic_crafting_table/crafting_table2", "weight": 29, "y": 180},
            {"model": "block/classic_crafting_table/crafting_table2", "weight": 29, "y": 270},

            {"model": "block/classic_crafting_table/crafting_table3", "weight": 29},
            {"model": "block/classic_crafting_table/crafting_table3", "weight": 29, "y": 90},
            {"model": "block/classic_crafting_table/crafting_table3", "weight": 29, "y": 180},
            {"model": "block/classic_crafting_table/crafting_table3", "weight": 29, "y": 270},

            {"model": "block/classic_crafting_table/crafting_table4", "weight": 28},
            {"model": "block/classic_crafting_table/crafting_table4", "weight": 28, "y": 90},
            {"model": "block/classic_crafting_table/crafting_table4", "weight": 28, "y": 180},
            {"model": "block/classic_crafting_table/crafting_table4", "weight": 28, "y": 270},

            {"model": "block/classic_crafting_table/crafting_table5", "weight": 27},
            {"model": "block/classic_crafting_table/crafting_table5", "weight": 27, "y": 90},
            {"model": "block/classic_crafting_table/crafting_table5", "weight": 27, "y": 180},
            {"model": "block/classic_crafting_table/crafting_table5", "weight": 27, "y": 270},

            {"model": "block/classic_crafting_table/crafting_table6", "weight": 27},
            {"model": "block/classic_crafting_table/crafting_table6", "weight": 27, "y": 90},
            {"model": "block/classic_crafting_table/crafting_table6", "weight": 27, "y": 180},
            {"model": "block/classic_crafting_table/crafting_table6", "weight": 27, "y": 270},

            {"model": "block/classic_crafting_table/crafting_table7", "weight": 28},
            {"model": "block/classic_crafting_table/crafting_table7", "weight": 28, "y": 90},
            {"model": "block/classic_crafting_table/crafting_table7", "weight": 28, "y": 180},
            {"model": "block/classic_crafting_table/crafting_table7", "weight": 28, "y": 270},

            {"model": "block/classic_crafting_table/crafting_table8", "weight": 26},
            {"model": "block/classic_crafting_table/crafting_table8", "weight": 26, "y": 90},
            {"model": "block/classic_crafting_table/crafting_table8", "weight": 26, "y": 180},
            {"model": "block/classic_crafting_table/crafting_table8", "weight": 26, "y": 270},

            {"model": "block/classic_crafting_table/crafting_table9", "weight": 26},
            {"model": "block/classic_crafting_table/crafting_table9", "weight": 26, "y": 90},
            {"model": "block/classic_crafting_table/crafting_table9", "weight": 26, "y": 180},
            {"model": "block/classic_crafting_table/crafting_table9", "weight": 26, "y": 270},

            {"model": "block/classic_crafting_table/crafting_table10", "weight": 27},
            {"model": "block/classic_crafting_table/crafting_table10", "weight": 27, "y": 90},
            {"model": "block/classic_crafting_table/crafting_table10", "weight": 27, "y": 180},
            {"model": "block/classic_crafting_table/crafting_table10", "weight": 27, "y": 270},

            {"model": "block/classic_crafting_table/crafting_table11", "weight": 28},
            {"model": "block/classic_crafting_table/crafting_table11", "weight": 28, "y": 90},
            {"model": "block/classic_crafting_table/crafting_table11", "weight": 28, "y": 180},
            {"model": "block/classic_crafting_table/crafting_table11", "weight": 28, "y": 270},

            {"model": "block/classic_crafting_table/crafting_table12", "weight": 23},
            {"model": "block/classic_crafting_table/crafting_table12", "weight": 23, "y": 90},
            {"model": "block/classic_crafting_table/crafting_table12", "weight": 23, "y": 180},
            {"model": "block/classic_crafting_table/crafting_table12", "weight": 23, "y": 270},

            {"model": "block/classic_crafting_table/crafting_table13", "weight": 1}
            ]
    }
}