{
  "variants": {
    "eye=false,facing=east": {"model": "minecraft:block/end_portal_frame","y": 270},
    "eye=false,facing=north": {"model": "minecraft:block/end_portal_frame","y": 180},
    "eye=false,facing=south": {"model": "minecraft:block/end_portal_frame"},
    "eye=false,facing=west": {"model": "minecraft:block/end_portal_frame","y": 90},

    "eye=true,facing=east": [
      {"model": "minecraft:block/end_portal_frame_filled/end_portal_frame_filled_0",    "y": 270},
      {"model": "minecraft:block/end_portal_frame_filled/end_portal_frame_filled_10",  "y": 270},
      {"model": "minecraft:block/end_portal_frame_filled/end_portal_frame_filled_20",  "y": 270},
      {"model": "minecraft:block/end_portal_frame_filled/end_portal_frame_filled_30",  "y": 270},
      {"model": "minecraft:block/end_portal_frame_filled/end_portal_frame_filled_40",  "y": 270},
      {"model": "minecraft:block/end_portal_frame_filled/end_portal_frame_filled_50",  "y": 270},
      {"model": "minecraft:block/end_portal_frame_filled/end_portal_frame_filled_60",  "y": 270},
      {"model": "minecraft:block/end_portal_frame_filled/end_portal_frame_filled_70",  "y": 270},
      {"model": "minecraft:block/end_portal_frame_filled/end_portal_frame_filled_80",  "y": 270},
      {"model": "minecraft:block/end_portal_frame_filled/end_portal_frame_filled_90",  "y": 270},
      {"model": "minecraft:block/end_portal_frame_filled/end_portal_frame_filled_100",  "y": 270},
      {"model": "minecraft:block/end_portal_frame_filled/end_portal_frame_filled_110",  "y": 270},
      {"model": "minecraft:block/end_portal_frame_filled/end_portal_frame_filled_120",  "y": 270},
      {"model": "minecraft:block/end_portal_frame_filled/end_portal_frame_filled_140",  "y": 270},
      {"model": "minecraft:block/end_portal_frame_filled/end_portal_frame_filled_150",  "y": 270},

      {"model": "minecraft:block/end_portal_frame_filled/end_portal_frame_filled_e_13",  "y": 270},
      {"model": "minecraft:block/end_portal_frame_filled/end_portal_frame_filled_e_24",  "y": 270},
      {"model": "minecraft:block/end_portal_frame_filled/end_portal_frame_filled_e_36",  "y": 270},
      {"model": "minecraft:block/end_portal_frame_filled/end_portal_frame_filled_e_42",  "y": 270},
      {"model": "minecraft:block/end_portal_frame_filled/end_portal_frame_filled_e_64",  "y": 270},
      {"model": "minecraft:block/end_portal_frame_filled/end_portal_frame_filled_e_82",  "y": 270},
      {"model": "minecraft:block/end_portal_frame_filled/end_portal_frame_filled_e_97",  "y": 270},
      {"model": "minecraft:block/end_portal_frame_filled/end_portal_frame_filled_e_112",  "y": 270},
      {"model": "minecraft:block/end_portal_frame_filled/end_portal_frame_filled_e_138",  "y": 270}
    ],

    "eye=true,facing=north": [
      {"model": "minecraft:block/end_portal_frame_filled/end_portal_frame_filled_0",    "y": 180},
      {"model": "minecraft:block/end_portal_frame_filled/end_portal_frame_filled_10",  "y": 180},
      {"model": "minecraft:block/end_portal_frame_filled/end_portal_frame_filled_20",  "y": 180},
      {"model": "minecraft:block/end_portal_frame_filled/end_portal_frame_filled_30",  "y": 180},
      {"model": "minecraft:block/end_portal_frame_filled/end_portal_frame_filled_40",  "y": 180},
      {"model": "minecraft:block/end_portal_frame_filled/end_portal_frame_filled_50",  "y": 180},
      {"model": "minecraft:block/end_portal_frame_filled/end_portal_frame_filled_60",  "y": 180},
      {"model": "minecraft:block/end_portal_frame_filled/end_portal_frame_filled_70",  "y": 180},
      {"model": "minecraft:block/end_portal_frame_filled/end_portal_frame_filled_80",  "y": 180},
      {"model": "minecraft:block/end_portal_frame_filled/end_portal_frame_filled_90",  "y": 180},
      {"model": "minecraft:block/end_portal_frame_filled/end_portal_frame_filled_100",  "y": 180},
      {"model": "minecraft:block/end_portal_frame_filled/end_portal_frame_filled_110",  "y": 180},
      {"model": "minecraft:block/end_portal_frame_filled/end_portal_frame_filled_120",  "y": 180},
      {"model": "minecraft:block/end_portal_frame_filled/end_portal_frame_filled_130",  "y": 180},
      {"model": "minecraft:block/end_portal_frame_filled/end_portal_frame_filled_140",  "y": 180},
      {"model": "minecraft:block/end_portal_frame_filled/end_portal_frame_filled_150",  "y": 180},

      {"model": "minecraft:block/end_portal_frame_filled/end_portal_frame_filled_e_13",  "y": 180},
      {"model": "minecraft:block/end_portal_frame_filled/end_portal_frame_filled_e_24",  "y": 180},
      {"model": "minecraft:block/end_portal_frame_filled/end_portal_frame_filled_e_36",  "y": 180},
      {"model": "minecraft:block/end_portal_frame_filled/end_portal_frame_filled_e_42",  "y": 180},
      {"model": "minecraft:block/end_portal_frame_filled/end_portal_frame_filled_e_64",  "y": 180},
      {"model": "minecraft:block/end_portal_frame_filled/end_portal_frame_filled_e_82",  "y": 180},
      {"model": "minecraft:block/end_portal_frame_filled/end_portal_frame_filled_e_97",  "y": 180},
      {"model": "minecraft:block/end_portal_frame_filled/end_portal_frame_filled_e_112",  "y": 180},
      {"model": "minecraft:block/end_portal_frame_filled/end_portal_frame_filled_e_138",  "y": 180}
    ],

    "eye=true,facing=south": [
      {"model": "minecraft:block/end_portal_frame_filled/end_portal_frame_filled"},
      {"model": "minecraft:block/end_portal_frame_filled/end_portal_frame_filled_10"},
      {"model": "minecraft:block/end_portal_frame_filled/end_portal_frame_filled_20"},
      {"model": "minecraft:block/end_portal_frame_filled/end_portal_frame_filled_30"},
      {"model": "minecraft:block/end_portal_frame_filled/end_portal_frame_filled_40"},
      {"model": "minecraft:block/end_portal_frame_filled/end_portal_frame_filled_50"},
      {"model": "minecraft:block/end_portal_frame_filled/end_portal_frame_filled_60"},
      {"model": "minecraft:block/end_portal_frame_filled/end_portal_frame_filled_70"},
      {"model": "minecraft:block/end_portal_frame_filled/end_portal_frame_filled_80"},
      {"model": "minecraft:block/end_portal_frame_filled/end_portal_frame_filled_90"},
      {"model": "minecraft:block/end_portal_frame_filled/end_portal_frame_filled_100"},
      {"model": "minecraft:block/end_portal_frame_filled/end_portal_frame_filled_110"},
      {"model": "minecraft:block/end_portal_frame_filled/end_portal_frame_filled_120"},
      {"model": "minecraft:block/end_portal_frame_filled/end_portal_frame_filled_130"},
      {"model": "minecraft:block/end_portal_frame_filled/end_portal_frame_filled_140"},
      {"model": "minecraft:block/end_portal_frame_filled/end_portal_frame_filled_150"},

      {"model": "minecraft:block/end_portal_frame_filled/end_portal_frame_filled_e_13"},
      {"model": "minecraft:block/end_portal_frame_filled/end_portal_frame_filled_e_24"},
      {"model": "minecraft:block/end_portal_frame_filled/end_portal_frame_filled_e_36"},
      {"model": "minecraft:block/end_portal_frame_filled/end_portal_frame_filled_e_42"},
      {"model": "minecraft:block/end_portal_frame_filled/end_portal_frame_filled_e_64"},
      {"model": "minecraft:block/end_portal_frame_filled/end_portal_frame_filled_e_82"},
      {"model": "minecraft:block/end_portal_frame_filled/end_portal_frame_filled_e_97"},
      {"model": "minecraft:block/end_portal_frame_filled/end_portal_frame_filled_e_112"},
      {"model": "minecraft:block/end_portal_frame_filled/end_portal_frame_filled_e_138"}
    ],

    "eye=true,facing=west": [
      {"model": "minecraft:block/end_portal_frame_filled/end_portal_frame_filled_0",    "y": 90},
      {"model": "minecraft:block/end_portal_frame_filled/end_portal_frame_filled_10",  "y": 90},
      {"model": "minecraft:block/end_portal_frame_filled/end_portal_frame_filled_20",  "y": 90},
      {"model": "minecraft:block/end_portal_frame_filled/end_portal_frame_filled_30",  "y": 90},
      {"model": "minecraft:block/end_portal_frame_filled/end_portal_frame_filled_40",  "y": 90},
      {"model": "minecraft:block/end_portal_frame_filled/end_portal_frame_filled_50",  "y": 90},
      {"model": "minecraft:block/end_portal_frame_filled/end_portal_frame_filled_60",  "y": 90},
      {"model": "minecraft:block/end_portal_frame_filled/end_portal_frame_filled_70",  "y": 90},
      {"model": "minecraft:block/end_portal_frame_filled/end_portal_frame_filled_80",  "y": 90},
      {"model": "minecraft:block/end_portal_frame_filled/end_portal_frame_filled_90",  "y": 90},
      {"model": "minecraft:block/end_portal_frame_filled/end_portal_frame_filled_100",  "y": 90},
      {"model": "minecraft:block/end_portal_frame_filled/end_portal_frame_filled_110",  "y": 90},
      {"model": "minecraft:block/end_portal_frame_filled/end_portal_frame_filled_120",  "y": 90},
      {"model": "minecraft:block/end_portal_frame_filled/end_portal_frame_filled_130",  "y": 90},
      {"model": "minecraft:block/end_portal_frame_filled/end_portal_frame_filled_140",  "y": 90},
      {"model": "minecraft:block/end_portal_frame_filled/end_portal_frame_filled_150",  "y": 90},

      {"model": "minecraft:block/end_portal_frame_filled/end_portal_frame_filled_e_13",  "y": 90},
      {"model": "minecraft:block/end_portal_frame_filled/end_portal_frame_filled_e_24",  "y": 90},
      {"model": "minecraft:block/end_portal_frame_filled/end_portal_frame_filled_e_36",  "y": 90},
      {"model": "minecraft:block/end_portal_frame_filled/end_portal_frame_filled_e_42",  "y": 90},
      {"model": "minecraft:block/end_portal_frame_filled/end_portal_frame_filled_e_64",  "y": 90},
      {"model": "minecraft:block/end_portal_frame_filled/end_portal_frame_filled_e_82",  "y": 90},
      {"model": "minecraft:block/end_portal_frame_filled/end_portal_frame_filled_e_97",  "y": 90},
      {"model": "minecraft:block/end_portal_frame_filled/end_portal_frame_filled_e_112",  "y": 90},
      {"model": "minecraft:block/end_portal_frame_filled/end_portal_frame_filled_e_138",  "y": 90}
    ]

  }
}