{
    "variants": {
        "":     [
            {"model": "block/crafting_table/crafting_table", "weight": 10},
            {"model": "block/crafting_table/crafting_table", "weight": 10, "x": 90},
            {"model": "block/crafting_table/crafting_table", "weight": 10, "x": 180},
            {"model": "block/crafting_table/crafting_table", "weight": 10, "x": 270},

            {"model": "block/crafting_table/crafting_table_1", "weight": 10},
            {"model": "block/crafting_table/crafting_table_1", "weight": 10, "x": 90},
            {"model": "block/crafting_table/crafting_table_1", "weight": 10, "x": 180},
            {"model": "block/crafting_table/crafting_table_1", "weight": 10, "x": 270},

            {"model": "block/crafting_table/crafting_table_2", "weight": 10},
            {"model": "block/crafting_table/crafting_table_2", "weight": 10, "x": 90},
            {"model": "block/crafting_table/crafting_table_2", "weight": 10, "x": 180},
            {"model": "block/crafting_table/crafting_table_2", "weight": 10, "x": 270},

            {"model": "block/crafting_table/crafting_table_3", "weight": 10},
            {"model": "block/crafting_table/crafting_table_3", "weight": 10, "x": 90},
            {"model": "block/crafting_table/crafting_table_3", "weight": 10, "x": 180},
            {"model": "block/crafting_table/crafting_table_3", "weight": 10, "x": 270},
            
            {"model": "block/crafting_table/crafting_table_4", "weight": 10},
            {"model": "block/crafting_table/crafting_table_4", "weight": 10, "x": 90},
            {"model": "block/crafting_table/crafting_table_4", "weight": 10, "x": 180},
            {"model": "block/crafting_table/crafting_table_4", "weight": 10, "x": 270},
            
            {"model": "block/crafting_table/crafting_table_5", "weight": 10},
            {"model": "block/crafting_table/crafting_table_5", "weight": 10, "x": 90},
            {"model": "block/crafting_table/crafting_table_5", "weight": 10, "x": 180},
            {"model": "block/crafting_table/crafting_table_5", "weight": 10, "x": 270},
            
            {"model": "block/crafting_table/crafting_table_6", "weight": 10},
            {"model": "block/crafting_table/crafting_table_6", "weight": 10, "x": 90},
            {"model": "block/crafting_table/crafting_table_6", "weight": 10, "x": 180},
            {"model": "block/crafting_table/crafting_table_6", "weight": 10, "x": 270},
            
            {"model": "block/crafting_table/crafting_table_7", "weight": 10},
            {"model": "block/crafting_table/crafting_table_7", "weight": 10, "x": 90},
            {"model": "block/crafting_table/crafting_table_7", "weight": 10, "x": 180},
            {"model": "block/crafting_table/crafting_table_7", "weight": 10, "x": 270},
            
            {"model": "block/crafting_table/crafting_table_8", "weight": 10},
            {"model": "block/crafting_table/crafting_table_8", "weight": 10, "x": 90},
            {"model": "block/crafting_table/crafting_table_8", "weight": 10, "x": 180},
            {"model": "block/crafting_table/crafting_table_8", "weight": 10, "x": 270},

            {"model": "block/crafting_table/crafting_table_9", "weight": 10},
            {"model": "block/crafting_table/crafting_table_9", "weight": 10, "x": 90},
            {"model": "block/crafting_table/crafting_table_9", "weight": 10, "x": 180},
            {"model": "block/crafting_table/crafting_table_9", "weight": 10, "x": 270},

            {"model": "block/crafting_table/crafting_table_emptx", "weight": 1}
            ]
    }
}