{
  "variants": {

    "axis=x": [
        {"model": "minecraft:block/logs/spruce_log/spruce_log_horizontal",  "x": 90,"y": 90},
        {"model": "minecraft:block/logs/spruce_log/spruce_log_horizontal_2",  "x": 90,"y": 90}
    ],

    "axis=y": [
      {"model": "minecraft:block/logs/spruce_log/spruce_log"},
      {"model": "minecraft:block/logs/spruce_log/spruce_log_2"}
    ],

    "axis=z": [
      {"model": "minecraft:block/logs/spruce_log/spruce_log_horizontal",  "x": 90},
      {"model": "minecraft:block/logs/spruce_log/spruce_log_horizontal_2",  "x": 90}
    ]
  }
}