{
  "variants": {
    "": [
      {"model": "minecraft:block/stone/stone"},
      {"model": "minecraft:block/stone/stone_mirrored"},
      {"model": "minecraft:block/stone/stone",              "y": 180},
      {"model": "minecraft:block/stone/stone_mirrored",     "y": 180},

      {"model": "minecraft:block/stone/stone_2"},
      {"model": "minecraft:block/stone/stone_mirrored_2"},
      {"model": "minecraft:block/stone/stone_2",            "y": 180},
      {"model": "minecraft:block/stone/stone_mirrored_2",   "y": 180},

      {"model": "minecraft:block/stone/stone_3"},
      {"model": "minecraft:block/stone/stone_mirrored_3"},
      {"model": "minecraft:block/stone/stone_3",            "y": 180},
      {"model": "minecraft:block/stone/stone_mirrored_3",   "y": 180},

      {"model": "minecraft:block/stone/stone_4"},
      {"model": "minecraft:block/stone/stone_mirrored_4"},
      {"model": "minecraft:block/stone/stone_4",            "y": 180},
      {"model": "minecraft:block/stone/stone_mirrored_4",   "y": 180}
    ]
  }
}