{
  "parent": "item/bowl",
  "textures": {
    "layer0": "farmersdelight:item/fried_rice",
    "particle": "farmersdelight:item/fried_rice_particle"
  },

  "overrides": [

    {
      "predicate": {
        "eating": 1,
        "eat": 0.35
      },
      "model": "farmersdelight:item/fried_rice_eating_0"
    },
    {
      "predicate": {
        "eating": 1,
        "eat": 0.70
      },
      "model": "farmersdelight:item/fried_rice_eating_1"
    },

    {
      "predicate": {

        "eating": 1,
        "eat": 0.90
      },
      "model": "farmersdelight:item/fried_rice_eating_2"
    }
  ]
}