{
  "parent": "item/generated",
  "textures": {
    "layer0": "farmersdelight:item/melon_popsicle",
    "particle": "farmersdelight:item/melon_popsicle_particle"
  },

  "overrides": [

    {
      "predicate": {
        "eating": 1,
        "eat": 0.20
      },
      "model": "farmersdelight:item/melon_popsicle_eating_0"
    },
    {
      "predicate": {
        "eating": 1,
        "eat": 0.30
      },
      "model": "farmersdelight:item/melon_popsicle_eating_1"
    },

    {
      "predicate": {

        "eating": 1,
        "eat": 0.35
      },
      "model": "farmersdelight:item/melon_popsicle_eating_2"
    }
  ],
	"display": {
		"thirdperson_righthand": {
			"rotation": [0, 0, 32],
			"translation": [0, 3, 1],
			"scale": [0.55, 0.55, 0.55]
		},
		"thirdperson_lefthand": {
			"rotation": [0, 0, -32],
			"translation": [0, 3, 1],
			"scale": [0.55, 0.55, 0.55]
		},
		"firstperson_lefthand": {
			"rotation": [0, 90, -25],
			"translation": [1.13, 3.2, 1.13],
			"scale": [0.68, 0.68, 0.68]
		},
		"head": {
			"rotation": [0, 0, 32],
			"translation": [0, 12.25, 0]
		}
	}
}