{
  "parent": "item/generated",
  "textures": {
    "layer0": "farmersdelight:item/smoked_ham"
  },

  "overrides": [

    {
      "predicate": {
        "eating": 1,
        "eat": 0.35
      },
      "model": "farmersdelight:item/smoked_ham_eating_0"
    },
    {
      "predicate": {
        "eating": 1,
        "eat": 0.70
      },
      "model": "farmersdelight:item/smoked_ham_eating_1"
    },

    {
      "predicate": {

        "eating": 1,
        "eat": 0.90
      },
      "model": "farmersdelight:item/smoked_ham_eating_2"
    }
  ],
	"display": {
		"thirdperson_righthand": {
			"rotation": [0, 0, 48],
			"translation": [0, 4, 1],
			"scale": [0.55, 0.55, 0.55]
		},
		"thirdperson_lefthand": {
			"rotation": [0, 0, -48],
			"translation": [0, 4, 1],
			"scale": [0.55, 0.55, 0.55]
		},
		"firstperson_righthand": {
			"rotation": [0, -90, 45],
			"translation": [1.13, 3.2, 1.13],
			"scale": [0.68, 0.68, 0.68]
		},
		"firstperson_lefthand": {
			"rotation": [0, 90, -45],
			"translation": [1.13, 3.2, 1.13],
			"scale": [0.68, 0.68, 0.68]
		},
		"head": {
			"rotation": [0, 0, 32],
			"translation": [0, 12.25, 0]
		}
	}
}