{
	"credit": "Made with Blockbench",
	"texture_size": [64, 32],
	"textures": {
		"particle": "#sign"
	},
	"elements": [
		{
			"from": [8, 10, 2],
			"to": [8, 16, 14],
			"rotation": {"angle": -45, "axis": "y", "origin": [8, 8, 8]},
			"faces": {
				"east": {"uv": [3.5, 3, 6.5, 6], "texture": "#sign"},
				"west": {"uv": [3.5, 3, 6.5, 6], "texture": "#sign"}
			}
		},
		{
			"from": [7, 1, 1],
			"to": [9, 9, 15],
			"rotation": {"angle": -45, "axis": "y", "origin": [8, 8, 8]},
			"faces": {
				"east": {"uv": [4, 7, 8, 12], "texture": "#sign"},
				"west": {"uv": [0, 7, 4, 12], "texture": "#sign"}
			}
		},
		{
			"from": [6.75, 1, 14.9],
			"to": [9.25, 9, 15.25],
			"rotation": {"angle": -45, "axis": "y", "origin": [8, 8, 8]},
			"faces": {
				"north": {"uv": [1.75, 7.5, 2.13333, 11.5], "texture": "#sign"},
				"east": {"uv": [0, 7.5, 0.0875, 11.5], "texture": "#sign"},
				"south": {"uv": [1.75, 7.5, 2.13333, 11.5], "texture": "#sign"},
				"west": {"uv": [3.5, 7.5, 3.5875, 11.5], "texture": "#sign"},
				"up": {"uv": [0, 0, 0, 0], "rotation": 270, "texture": "#sign"},
				"down": {"uv": [0, 0, 0, 0], "rotation": 90, "texture": "#sign"}
			}
		},
		{
			"from": [6.75, 1, 0.65],
			"to": [9.25, 9, 1],
			"rotation": {"angle": -45, "axis": "y", "origin": [8, 8, 8]},
			"faces": {
				"north": {"uv": [1.75, 7.5, 2.13333, 11.5], "texture": "#sign"},
				"east": {"uv": [0, 7.5, 0.0875, 11.5], "texture": "#sign"},
				"south": {"uv": [1.75, 7.5, 2.13333, 11.5], "texture": "#sign"},
				"west": {"uv": [3.5, 7.5, 3.5875, 11.5], "texture": "#sign"},
				"up": {"uv": [0, 0, 0, 0], "rotation": 270, "texture": "#sign"},
				"down": {"uv": [0, 0, 0, 0], "rotation": 90, "texture": "#sign"}
			}
		},
		{
			"from": [6.5, 9, 0.5],
			"to": [9.5, 10, 15.5],
			"rotation": {"angle": -45, "axis": "y", "origin": [8, 8, 8]},
			"faces": {
				"north": {"uv": [5.5, 2.5, 6.25, 3], "texture": "#sign"},
				"east": {"uv": [6.25, 2.5, 9.75, 3], "texture": "#sign"},
				"south": {"uv": [1.25, 2.5, 2, 3], "texture": "#sign"},
				"west": {"uv": [1.25, 2.5, 4.75, 3], "texture": "#sign"},
				"up": {"uv": [1.25, 1, 4.75, 2.5], "rotation": 270, "texture": "#sign"},
				"down": {"uv": [1.25, 1, 4.75, 2.5], "rotation": 90, "texture": "#sign"}
			}
		},
		{
			"from": [6.5, 0, 0.5],
			"to": [9.5, 1, 15.5],
			"rotation": {"angle": -45, "axis": "y", "origin": [8, 8, 8]},
			"faces": {
				"north": {"uv": [3.25, 6.5, 4, 7], "texture": "#sign"},
				"east": {"uv": [0.5, 6.5, 4, 7], "texture": "#sign"},
				"south": {"uv": [0.5, 6.5, 1.25, 7], "texture": "#sign"},
				"west": {"uv": [0.5, 6.5, 4, 7], "texture": "#sign"},
				"up": {"uv": [4, 6, 7.5, 7], "rotation": 270, "texture": "#sign"},
				"down": {"uv": [4, 6, 7.5, 7], "rotation": 90, "texture": "#sign", "cullface": "down"}
			}
		}
	]
}