{
	"credit": "Made with Blockbench",
	"texture_size": [64, 32],
	"textures": {
		"particle": "#sign"
	},
	"elements": [
		{
			"from": [0, 14, 6],
			"to": [16, 16, 10],
			"faces": {
				"north": {"uv": [1, 2, 5, 3], "texture": "#sign"},
				"east": {"uv": [0, 2, 1, 3], "texture": "#sign", "cullface": "east"},
				"south": {"uv": [6, 2, 10, 3], "texture": "#sign"},
				"west": {"uv": [5, 2, 6, 3], "texture": "#sign", "cullface": "west"},
				"up": {"uv": [1, 2, 5, 0], "texture": "#sign", "cullface": "up"},
				"down": {"uv": [5, 0, 9, 2], "texture": "#sign"}
			}
		},
		{
			"from": [10.5, 10, 11.53553],
			"to": [13.5, 16, 11.53553],
			"rotation": {"angle": 45, "axis": "y", "origin": [8.25, 0, 8]},
			"faces": {
				"north": {"uv": [0, 3, 0.75, 6], "texture": "#sign"},
				"east": {"uv": [0, 0, 0, 3], "texture": "#sign"},
				"south": {"uv": [0, 3, 0.75, 6], "texture": "#sign"},
				"west": {"uv": [0, 0, 0, 3], "texture": "#sign"},
				"up": {"uv": [0, 0, 0.75, 0], "texture": "#sign"},
				"down": {"uv": [0, 0, 0.75, 0], "texture": "#sign"}
			}
		},
		{
			"from": [10.5, 10, 4.46447],
			"to": [13.5, 16, 4.46447],
			"rotation": {"angle": -45, "axis": "y", "origin": [8.25, 0, 8]},
			"faces": {
				"north": {"uv": [1.5, 3, 2.25, 6], "texture": "#sign"},
				"east": {"uv": [0, 0, 0, 3], "texture": "#sign"},
				"south": {"uv": [1.5, 3, 2.25, 6], "texture": "#sign"},
				"west": {"uv": [0, 0, 0, 3], "texture": "#sign"},
				"up": {"uv": [0, 0, 0.75, 0], "texture": "#sign"},
				"down": {"uv": [0, 0, 0.75, 0], "texture": "#sign"}
			}
		},
		{
			"from": [2.5, 10, 4.46447],
			"to": [5.5, 16, 4.46447],
			"rotation": {"angle": 45, "axis": "y", "origin": [8.5, 0, 8]},
			"faces": {
				"north": {"uv": [0, 3, 0.75, 6], "texture": "#sign"},
				"east": {"uv": [0, 0, 0, 3], "texture": "#sign"},
				"south": {"uv": [0, 3, 0.75, 6], "texture": "#sign"},
				"west": {"uv": [0, 0, 0, 3], "texture": "#sign"},
				"up": {"uv": [0, 0, 0.75, 0], "texture": "#sign"},
				"down": {"uv": [0, 0, 0.75, 0], "texture": "#sign"}
			}
		},
		{
			"from": [2.5, 10, 11.53553],
			"to": [5.5, 16, 11.53553],
			"rotation": {"angle": -45, "axis": "y", "origin": [8.5, 0, 8]},
			"faces": {
				"north": {"uv": [1.5, 3, 2.25, 6], "texture": "#sign"},
				"east": {"uv": [0, 0, 0, 3], "texture": "#sign"},
				"south": {"uv": [1.5, 3, 2.25, 6], "texture": "#sign"},
				"west": {"uv": [0, 0, 0, 3], "texture": "#sign"},
				"up": {"uv": [0, 0, 0.75, 0], "texture": "#sign"},
				"down": {"uv": [0, 0, 0.75, 0], "texture": "#sign"}
			}
		},
		{
			"from": [1, 1, 7],
			"to": [15, 9, 9],
			"rotation": {"angle": 0, "axis": "y", "origin": [8, 8, 8]},
			"faces": {
				"north": {"uv": [0, 7, 4, 12], "texture": "#sign"},
				"south": {"uv": [4, 7, 8, 12], "texture": "#sign"}
			}
		},
		{
			"from": [0.75, 1, 6.75],
			"to": [1.1, 9, 9.25],
			"rotation": {"angle": 0, "axis": "y", "origin": [8, 8, 8]},
			"faces": {
				"north": {"uv": [3.5, 7.5, 3.5875, 11.5], "texture": "#sign"},
				"east": {"uv": [1.75, 7.5, 2.13333, 11.5], "texture": "#sign"},
				"south": {"uv": [0, 7.5, 0.0875, 11.5], "texture": "#sign"},
				"west": {"uv": [1.75, 7.5, 2.13333, 11.5], "texture": "#sign"},
				"up": {"uv": [0, 0, 0, 0], "texture": "#sign"},
				"down": {"uv": [0, 0, 0, 0], "texture": "#sign"}
			}
		},
		{
			"from": [15, 1, 6.75],
			"to": [15.35, 9, 9.25],
			"rotation": {"angle": 0, "axis": "y", "origin": [8, 8, 8]},
			"faces": {
				"north": {"uv": [3.5, 7.5, 3.5875, 11.5], "texture": "#sign"},
				"east": {"uv": [1.75, 7.5, 2.13333, 11.5], "texture": "#sign"},
				"south": {"uv": [0, 7.5, 0.0875, 11.5], "texture": "#sign"},
				"west": {"uv": [1.75, 7.5, 2.13333, 11.5], "texture": "#sign"},
				"up": {"uv": [0, 0, 0, 0], "texture": "#sign"},
				"down": {"uv": [0, 0, 0, 0], "texture": "#sign"}
			}
		},
		{
			"from": [0.5, 9, 6.5],
			"to": [15.5, 10, 9.5],
			"rotation": {"angle": 0, "axis": "y", "origin": [8, 8, 8]},
			"faces": {
				"north": {"uv": [1.25, 2.5, 4.75, 3], "texture": "#sign"},
				"east": {"uv": [5.5, 2.5, 6.25, 3], "texture": "#sign"},
				"south": {"uv": [6.25, 2.5, 9.75, 3], "texture": "#sign"},
				"west": {"uv": [0.5, 2.5, 1.25, 3], "texture": "#sign"},
				"up": {"uv": [1.25, 1, 4.75, 2.5], "texture": "#sign"},
				"down": {"uv": [1.25, 1, 4.75, 2.5], "texture": "#sign"}
			}
		},
		{
			"from": [0.5, 0, 6.5],
			"to": [15.5, 1, 9.5],
			"rotation": {"angle": 0, "axis": "y", "origin": [8, 8, 8]},
			"faces": {
				"north": {"uv": [0.5, 6.5, 4, 7], "texture": "#sign"},
				"east": {"uv": [3.25, 6.5, 4, 7], "texture": "#sign"},
				"south": {"uv": [0.5, 6.5, 4, 7], "texture": "#sign"},
				"west": {"uv": [0.5, 6.5, 1.25, 7], "texture": "#sign"},
				"up": {"uv": [4, 6, 7.5, 7], "texture": "#sign"},
				"down": {"uv": [4, 6, 7.5, 7], "texture": "#sign", "cullface": "down"}
			}
		}
	]
}