{
	"credit": "Made with Blockbench",
	"texture_size": [64, 32],
	"textures": {
		"particle": "#sign"
	},
	"elements": [
		{
			"from": [7.3333, 0, 7.33337],
			"to": [8.66663, 8.33333, 8.6667],
			"rotation": {"angle": -22.5, "axis": "y", "origin": [8, 8, 8]},
			"faces": {
				"north": {"uv": [0, 9, 0.5, 15], "texture": "#sign"},
				"east": {"uv": [1.5, 9, 2, 15], "texture": "#sign"},
				"south": {"uv": [1, 9, 1.5, 15], "texture": "#sign"},
				"west": {"uv": [0.5, 9, 1, 15], "texture": "#sign"},
				"up": {"uv": [0, 0, 0, 0], "rotation": 270, "texture": "#sign"},
				"down": {"uv": [1, 7, 1.5, 8], "rotation": 90, "texture": "#sign", "cullface": "down"}
			}
		},
		{
			"from": [7.3333, 9.3333, 0],
			"to": [8.66663, 17.3333, 16],
			"rotation": {"angle": -22.5, "axis": "y", "origin": [8, 8, 8]},
			"faces": {
				"east": {"uv": [7, 1, 13, 7], "texture": "#sign"},
				"west": {"uv": [0.5, 1, 6.5, 7], "texture": "#sign"}
			}
		},
		{
			"from": [7.2333, 9.3333, 15.9],
			"to": [8.76663, 17.3333, 16.25],
			"rotation": {"angle": -22.5, "axis": "y", "origin": [8, 8, 8]},
			"faces": {
				"north": {"uv": [0.625, 8, 1.00833, 12], "texture": "#sign"},
				"east": {"uv": [0.5, 8, 0.5875, 12], "texture": "#sign"},
				"south": {"uv": [0.125, 8, 0.50833, 12], "texture": "#sign"},
				"west": {"uv": [0, 8, 0.0875, 12], "texture": "#sign"}
			}
		},
		{
			"from": [7.2333, 9.3333, -0.35],
			"to": [8.76663, 17.3333, 0],
			"rotation": {"angle": -22.5, "axis": "y", "origin": [8, 8, 8]},
			"faces": {
				"north": {"uv": [0.625, 8, 1.00833, 12], "texture": "#sign"},
				"east": {"uv": [0.5, 8, 0.5875, 12], "texture": "#sign"},
				"south": {"uv": [0.125, 8, 0.50833, 12], "texture": "#sign"},
				"west": {"uv": [0, 8, 0.0875, 12], "texture": "#sign"}
			}
		},
		{
			"from": [7, 8.4, -0.5],
			"to": [9, 9.4, 16.5],
			"rotation": {"angle": -22.5, "axis": "y", "origin": [8, 8, 8]},
			"faces": {
				"north": {"uv": [1, 14, 1.5, 15], "rotation": 90, "texture": "#sign"},
				"east": {"uv": [1.5, 8, 2, 15], "rotation": 90, "texture": "#sign"},
				"south": {"uv": [0.5, 14, 1, 15], "rotation": 90, "texture": "#sign"},
				"west": {"uv": [0, 8, 0.5, 15], "rotation": 90, "texture": "#sign"},
				"up": {"uv": [0, 8, 0.5, 15], "texture": "#sign"},
				"down": {"uv": [1.5, 8, 2, 15], "rotation": 180, "texture": "#sign"}
			}
		},
		{
			"from": [7, 17.3, -0.5],
			"to": [9, 18.3, 16.5],
			"rotation": {"angle": -22.5, "axis": "y", "origin": [8, 8, 8]},
			"faces": {
				"north": {"uv": [1, 14, 1.5, 15], "rotation": 90, "texture": "#sign", "cullface": "up"},
				"east": {"uv": [1.5, 8, 2, 15], "rotation": 90, "texture": "#sign", "cullface": "up"},
				"south": {"uv": [0.5, 14, 1, 15], "rotation": 90, "texture": "#sign", "cullface": "up"},
				"west": {"uv": [0, 8, 0.5, 15], "rotation": 90, "texture": "#sign", "cullface": "up"},
				"up": {"uv": [0, 8, 0.5, 15], "texture": "#sign", "cullface": "up"},
				"down": {"uv": [1.5, 8, 2, 15], "rotation": 180, "texture": "#sign", "cullface": "up"}
			}
		}
	]
}