{
	"credit": "The Stardust System did something here",
	"parent": "minecraft:item/generated",
	"textures": {
		"particle": "adventurez:item/ivory_arrow",
		"layer0": "adventurez:item/ivory_arrow"
	},
	"display": {
		"thirdperson_righthand": {
			"rotation": [0, 0, 45],
			"translation": [-0.25, -1.25, 0.75],
			"scale": [0.55, 0.55, 0.55]
		},
		"thirdperson_lefthand": {
			"rotation": [0, 0, -45],
			"translation": [-0.25, -1.25, 0.75],
			"scale": [0.55, 0.55, 0.55]
		},
		"firstperson_righthand": {
			"rotation": [0, -90, 25],
			"translation": [1.13, 3.2, 1.13],
			"scale": [0.68, 0.68, 0.68]
		},
		"firstperson_lefthand": {
			"rotation": [-90, 90, 60],
			"translation": [1.13, 3.2, 1.13],
			"scale": [0.68, 0.68, 0.68]
		}
	}
}