{
  "variants": {
    "": [
      {"model": "minecraft:block/dirt"},
      {"model": "minecraft:block/dirt", "y": 90},
      {"model": "minecraft:block/dirt", "y": 180},
      {"model": "minecraft:block/dirt", "y": 270},
      {"model": "minecraft:block/dirt/dirt_2"},
      {"model": "minecraft:block/dirt/dirt_2", "y": 90},
      {"model": "minecraft:block/dirt/dirt_2", "y": 180},
      {"model": "minecraft:block/dirt/dirt_2", "y": 270},
      {"model": "minecraft:block/dirt/dirt_3"},
      {"model": "minecraft:block/dirt/dirt_3", "y": 90},
      {"model": "minecraft:block/dirt/dirt_3", "y": 180},
      {"model": "minecraft:block/dirt/dirt_3", "y": 270},
      {"model": "minecraft:block/dirt/dirt_4"},
      {"model": "minecraft:block/dirt/dirt_4", "y": 90},
      {"model": "minecraft:block/dirt/dirt_4", "y": 180},
      {"model": "minecraft:block/dirt/dirt_4", "y": 270}
    ]
  }
}