{
	"credit": "The Stardust System did something here",
	"parent": "block/thin_block",
	"textures": {
		"particle": "#texture"
	},
	"elements": [
		{
			"from": [1, 0, 1],
			"to": [15, 0.5, 15],
			"faces": {
				"north": {"uv": [15, 0, 1, 1], "texture": "#texture"},
				"east": {"uv": [15, 1, 16, 15], "rotation": 90, "texture": "#texture"},
				"south": {"uv": [1, 15, 15, 16], "texture": "#texture"},
				"west": {"uv": [0, 15, 1, 1], "rotation": 90, "texture": "#texture"},
				"up": {"uv": [1, 1, 15, 15], "texture": "#texture"},
				"down": {"uv": [1, 1, 15, 15], "texture": "#texture", "cullface": "down"}
			}
		}
	]
}