{
	"credit": "Made by StormDragon77",
	"parent": "block/block",
	"elements": [
		{
			"from": [0, 0, 0],
			"to": [16, 16, 16],
			"faces": {
				"north": {"uv": [0, 0, 16, 16], "texture": "#block"},
				"east": {"uv": [0, 0, 16, 16], "texture": "#block"},
				"south": {"uv": [0, 0, 16, 16], "texture": "#block"},
				"west": {"uv": [0, 0, 16, 16], "texture": "#block"},
				"up": {"uv": [0, 0, 16, 16], "texture": "#block"},
				"down": {"uv": [0, 0, 16, 16], "texture": "#block"}
			}
		},
		{
			"from": [8, 17, -0.5],
			"to": [24, 17, 21.5],
			"rotation": {"angle": -45, "axis": "y", "origin": [16, 0, 0]},
			"faces": {
				"up": {"uv": [0, 0, 16, 16], "rotation": 180, "texture": "#icon"}
			}
		}
	]
}