{
	"parent": "block/block",
	"credit": "Made by StormDragon77",
	"textures": {
		"0": "block/chorus_plant",
		"particle": "block/chorus_plant"
	},
	"elements": [
		{
			"from": [4, 0, 4],
			"to": [12, 16, 12],
			"faces": {
				"north": {"uv": [4, 0, 12, 16], "texture": "#0"},
				"east": {"uv": [4, 0, 12, 16], "texture": "#0"},
				"south": {"uv": [4, 0, 12, 16], "texture": "#0"},
				"west": {"uv": [4, 0, 12, 16], "texture": "#0"},
				"up": {"uv": [4, 4, 12, 12], "rotation": 270, "texture": "#0"}
			}
		},
		{
			"from": [2, 5, 5],
			"to": [4, 11, 11],
			"faces": {
				"north": {"uv": [12, 5, 14, 11], "texture": "#0"},
				"south": {"uv": [2, 5, 4, 11], "texture": "#0"},
				"west": {"uv": [5, 5, 11, 11], "texture": "#0"},
				"up": {"uv": [2, 5, 4, 11], "texture": "#0"},
				"down": {"uv": [2, 5, 4, 11], "texture": "#0"}
			}
		},
		{
			"from": [12, 5, 5],
			"to": [14, 11, 11],
			"faces": {
				"north": {"uv": [2, 5, 4, 11], "texture": "#0"},
				"east": {"uv": [5, 5, 11, 11], "texture": "#0"},
				"south": {"uv": [12, 5, 14, 11], "texture": "#0"},
				"up": {"uv": [12, 5, 14, 11], "rotation": 180, "texture": "#0"},
				"down": {"uv": [12, 5, 14, 11], "rotation": 180, "texture": "#0"}
			}
		},
		{
			"from": [4, 4, 3],
			"to": [12, 12, 4],
			"faces": {
				"north": {"uv": [4, 4, 12, 12], "texture": "#0"},
				"east": {"uv": [12, 4, 13, 12], "texture": "#0"},
				"west": {"uv": [3, 4, 4, 12], "texture": "#0"},
				"up": {"uv": [4, 3, 12, 4], "texture": "#0"},
				"down": {"uv": [4, 12, 12, 13], "texture": "#0"}
			}
		},
		{
			"from": [4, 4, 12],
			"to": [12, 12, 13],
			"faces": {
				"east": {"uv": [3, 4, 4, 12], "texture": "#0"},
				"south": {"uv": [4, 4, 12, 12], "texture": "#0"},
				"west": {"uv": [12, 4, 13, 12], "texture": "#0"},
				"up": {"uv": [4, 12, 12, 13], "rotation": 180, "texture": "#0"},
				"down": {"uv": [4, 3, 12, 4], "rotation": 180, "texture": "#0"}
			}
		}
	]
}