{
	"credit": "Made by StormDragon77",
	"parent": "block/block",
	"textures": {
		"book": "entity/enchanting_table_book",
		"particle": "block/enchanting_table_bottom",
		"bottom": "block/enchanting_table_bottom",
		"top": "block/enchanting_table_top",
		"side": "block/enchanting_table_side"
	},
	"elements": [
		{
			"from": [0, 0, 0],
			"to": [16, 12, 16],
			"faces": {
				"north": {"uv": [0, 4, 16, 16], "texture": "#side", "cullface": "north"},
				"east": {"uv": [0, 4, 16, 16], "texture": "#side", "cullface": "east"},
				"south": {"uv": [0, 4, 16, 16], "texture": "#side", "cullface": "south"},
				"west": {"uv": [0, 4, 16, 16], "texture": "#side", "cullface": "west"},
				"up": {"uv": [0, 0, 16, 16], "texture": "#top"},
				"down": {"uv": [0, 0, 16, 16], "texture": "#bottom", "cullface": "down"}
			}
		},
		{
			"from": [3, 12.5, 10.75],
			"to": [13, 14.5, 10.75],
			"rotation": {"angle": -22.5, "axis": "y", "origin": [8, 13.5, 8]},
			"faces": {
				"north": {"uv": [3.5, 0, 4, 5], "rotation": 270, "texture": "#book"},
				"south": {"uv": [4, 0, 4.5, 5], "rotation": 270, "texture": "#book"}
			}
		},
		{
			"from": [3, 12.5, 4.75],
			"to": [13, 12.5, 10.75],
			"rotation": {"angle": -22.5, "axis": "y", "origin": [8, 13.5, 8]},
			"faces": {
				"up": {"uv": [0, 0, 1.5, 5], "rotation": 90, "texture": "#book"},
				"down": {"uv": [1.5, 0, 3, 5], "rotation": 90, "texture": "#book"}
			}
		},
		{
			"from": [3, 14.5, 4.75],
			"to": [13, 14.5, 10.75],
			"rotation": {"angle": -22.5, "axis": "y", "origin": [8, 13.5, 8]},
			"faces": {
				"up": {"uv": [0, 0, 1.5, 5], "rotation": 90, "texture": "#book"},
				"down": {"uv": [1.5, 0, 3, 5], "rotation": 90, "texture": "#book"}
			}
		},
		{
			"from": [4, 12.5, 5.75],
			"to": [12, 14.5, 10.75],
			"rotation": {"angle": -22.5, "axis": "y", "origin": [8, 13.5, 8]},
			"faces": {
				"north": {"uv": [1.25, 5, 1.75, 5.5], "rotation": 270, "texture": "#book"},
				"east": {"uv": [0.75, 5, 1.25, 5.5], "rotation": 90, "texture": "#book"},
				"west": {"uv": [1.25, 5, 1.75, 5.5], "rotation": 270, "texture": "#book"}
			}
		}
	],
	"display": {
		"gui": {
			"rotation": [30, -135, 0],
			"translation": [0, 1, 0],
			"scale": [0.625, 0.625, 0.625]
		}
	}
}