{
	"credit": "Made by StormDragon77",
	"parent": "item/display",
	"textures": {
		"0": "item/ravager_spawn_egg"
	},
	"elements": [
		{
			"name": "bottom",
			"from": [6, 1, 8],
			"to": [10, 2, 9],
			"rotation": {"angle": 0, "axis": "y", "origin": [14, 9, 16]},
			"faces": {
				"north": {"uv": [10, 14, 6, 15], "texture": "#0"},
				"east": {"uv": [9, 14, 10, 15], "texture": "#0"},
				"south": {"uv": [6, 14, 10, 15], "texture": "#0"},
				"west": {"uv": [6, 14, 7, 15], "texture": "#0"},
				"down": {"uv": [6, 14, 10, 15], "texture": "#0"}
			}
		},
		{
			"name": "center",
			"from": [4, 2, 8],
			"to": [12, 3, 9],
			"rotation": {"angle": 0, "axis": "y", "origin": [12, 10, 16]},
			"faces": {
				"north": {"uv": [12, 13, 4, 14], "texture": "#0"},
				"east": {"uv": [11, 13, 12, 14], "texture": "#0"},
				"south": {"uv": [4, 13, 12, 14], "texture": "#0"},
				"west": {"uv": [4, 13, 5, 14], "texture": "#0"},
				"down": {"uv": [4, 13, 12, 14], "texture": "#0"}
			}
		},
		{
			"name": "center1",
			"from": [3, 3, 8],
			"to": [13, 13, 9],
			"rotation": {"angle": 0, "axis": "y", "origin": [20, 11, 16]},
			"faces": {
				"north": {"uv": [13, 3, 3, 13], "texture": "#0"},
				"east": {"uv": [12, 3, 13, 13], "texture": "#0"},
				"south": {"uv": [3, 3, 13, 13], "texture": "#0"},
				"west": {"uv": [3, 3, 4, 13], "texture": "#0"},
				"up": {"uv": [3, 3, 13, 4], "texture": "#0"},
				"down": {"uv": [3, 12, 13, 13], "texture": "#0"}
			}
		},
		{
			"name": "center2",
			"from": [2, 5, 8],
			"to": [14, 8, 9],
			"rotation": {"angle": 0, "axis": "y", "origin": [21, 13, 16]},
			"faces": {
				"north": {"uv": [14, 8, 2, 11], "texture": "#0"},
				"east": {"uv": [13, 8, 14, 11], "texture": "#0"},
				"south": {"uv": [2, 8, 14, 11], "texture": "#0"},
				"west": {"uv": [2, 8, 3, 11], "texture": "#0"},
				"up": {"uv": [2, 8, 14, 9], "texture": "#0"},
				"down": {"uv": [2, 10, 14, 11], "texture": "#0"}
			}
		},
		{
			"name": "tip",
			"from": [7, 13, 8],
			"to": [9, 14, 9],
			"rotation": {"angle": 0, "axis": "y", "origin": [15, 21, 16]},
			"faces": {
				"north": {"uv": [9, 2, 7, 3], "texture": "#0"},
				"east": {"uv": [8, 2, 9, 3], "texture": "#0"},
				"south": {"uv": [7, 2, 9, 3], "texture": "#0"},
				"west": {"uv": [7, 2, 8, 3], "texture": "#0"},
				"up": {"uv": [7, 2, 9, 3], "texture": "#0"}
			}
		},
		{
			"name": "horn",
			"from": [2, 11, 8],
			"to": [4, 14, 9],
			"faces": {
				"north": {"uv": [4, 2, 2, 5], "texture": "#0"},
				"east": {"uv": [3, 2, 4, 5], "texture": "#0"},
				"south": {"uv": [2, 2, 4, 5], "texture": "#0"},
				"west": {"uv": [2, 2, 3, 5], "texture": "#0"},
				"up": {"uv": [2, 2, 4, 3], "texture": "#0"},
				"down": {"uv": [2, 4, 4, 5], "texture": "#0"}
			}
		},
		{
			"name": "horn1",
			"from": [12, 11, 8],
			"to": [14, 14, 9],
			"faces": {
				"north": {"uv": [14, 2, 12, 5], "texture": "#0"},
				"east": {"uv": [13, 2, 14, 5], "texture": "#0"},
				"south": {"uv": [12, 2, 14, 5], "texture": "#0"},
				"west": {"uv": [12, 2, 13, 5], "texture": "#0"},
				"up": {"uv": [12, 2, 14, 3], "texture": "#0"},
				"down": {"uv": [12, 4, 14, 5], "texture": "#0"}
			}
		},
		{
			"name": "horn2",
			"from": [1, 13, 8],
			"to": [3, 16, 9],
			"faces": {
				"north": {"uv": [3, 0, 1, 3], "texture": "#0"},
				"east": {"uv": [2, 0, 3, 3], "texture": "#0"},
				"south": {"uv": [1, 0, 3, 3], "texture": "#0"},
				"west": {"uv": [1, 0, 2, 3], "texture": "#0"},
				"up": {"uv": [1, 0, 3, 1], "texture": "#0"},
				"down": {"uv": [1, 2, 3, 3], "texture": "#0"}
			}
		},
		{
			"name": "horn3",
			"from": [13, 13, 8],
			"to": [15, 16, 9],
			"faces": {
				"north": {"uv": [15, 0, 13, 3], "texture": "#0"},
				"east": {"uv": [14, 0, 15, 3], "texture": "#0"},
				"south": {"uv": [13, 0, 15, 3], "texture": "#0"},
				"west": {"uv": [13, 0, 14, 3], "texture": "#0"},
				"up": {"uv": [13, 0, 15, 1], "texture": "#0"},
				"down": {"uv": [13, 2, 15, 3], "texture": "#0"}
			}
		}
	]
}