{
	"credit": "Made by StormDragon77",
	"parent": "block/block",
	"elements": [
		{
			"from": [0, 0, 0],
			"to": [16, 8, 16],
			"faces": {
				"north": {"uv": [0, 8, 16, 16], "texture": "#block"},
				"east": {"uv": [0, 8, 16, 16], "texture": "#block"},
				"south": {"uv": [0, 8, 16, 16], "texture": "#block"},
				"west": {"uv": [0, 8, 16, 16], "texture": "#block"},
				"up": {"uv": [0, 0, 16, 16], "texture": "#block"},
				"down": {"uv": [0, 0, 16, 16], "texture": "#block"}
			}
		},
		{
			"from": [8, 9, -0.5],
			"to": [24, 9, 21.5],
			"rotation": {"angle": -45, "axis": "y", "origin": [16, 0, 0]},
			"faces": {
				"up": {"uv": [0, 0, 16, 16], "rotation": 180, "texture": "#icon"}
			}
		}
	],
	"display": {
		"gui": {
			"rotation": [30, -135, 0],
			"translation": [0, 2.25, 0],
			"scale": [0.625, 0.625, 0.625]
		}
	}
}