{
	"credit": "Made by StormDragon77",
	"parent": "block/block",
	"elements": [
		{
			"from": [0, 0, 0],
			"to": [16, 8, 16],
			"rotation": {"angle": 0, "axis": "y", "origin": [8, 8, 8]},
			"faces": {
				"north": {"uv": [0, 8, 16, 16], "texture": "#block", "cullface": "west"},
				"east": {"uv": [0, 8, 16, 16], "texture": "#block", "cullface": "north"},
				"south": {"uv": [0, 8, 16, 16], "texture": "#block", "cullface": "east"},
				"west": {"uv": [0, 8, 16, 16], "texture": "#block", "cullface": "south"},
				"up": {"uv": [0, 0, 16, 16], "rotation": 90, "texture": "#block"},
				"down": {"uv": [0, 0, 16, 16], "rotation": 270, "texture": "#block", "cullface": "down"}
			}
		},
		{
			"from": [0, 8, 8],
			"to": [16, 16, 16],
			"rotation": {"angle": 0, "axis": "y", "origin": [8, 8, 8]},
			"faces": {
				"north": {"uv": [0, 0, 16, 8], "texture": "#block"},
				"east": {"uv": [0, 0, 8, 8], "texture": "#block", "cullface": "north"},
				"south": {"uv": [0, 0, 16, 8], "texture": "#block", "cullface": "east"},
				"west": {"uv": [8, 0, 16, 8], "texture": "#block", "cullface": "south"},
				"up": {"uv": [8, 0, 16, 16], "rotation": 90, "texture": "#block", "cullface": "up"}
			}
		},
		{
			"from": [8, 17, -0.5],
			"to": [24, 17, 21.5],
			"rotation": {"angle": -45, "axis": "y", "origin": [16, 0, 0]},
			"faces": {
				"up": {"uv": [0, 0, 16, 16], "rotation": 180, "texture": "#icon"}
			}
		}
	],
	"display": {
		"thirdperson_lefthand": {
			"rotation": [75, -135, 0],
			"translation": [0, 2.5, 0],
			"scale": [0.375, 0.375, 0.375]
		},
		"gui": {
			"rotation": [30, -135, 0],
			"scale": [0.625, 0.625, 0.625]
		},
		"head": {
			"rotation": [0, -90, 0]
		}
	}
}