{
	"credit": "Made by StormDragon77",
	"parent": "item/display",
	"elements": [
		{
			"name": "bottom",
			"from": [6, 1, 8],
			"to": [10, 2, 9],
			"rotation": {"angle": 0, "axis": "y", "origin": [14, 9, 16]},
			"faces": {
				"north": {"uv": [10, 14, 6, 15], "texture": "#0"},
				"east": {"uv": [9, 14, 10, 15], "texture": "#0"},
				"south": {"uv": [6, 14, 10, 15], "texture": "#0"},
				"west": {"uv": [6, 14, 7, 15], "texture": "#0"},
				"down": {"uv": [6, 14, 10, 15], "texture": "#0"}
			}
		},
		{
			"name": "center",
			"from": [4, 2, 8],
			"to": [12, 12, 9],
			"rotation": {"angle": 0, "axis": "y", "origin": [12, 10, 16]},
			"faces": {
				"north": {"uv": [12, 4, 4, 14], "texture": "#0"},
				"east": {"uv": [11, 4, 12, 14], "texture": "#0"},
				"south": {"uv": [4, 4, 12, 14], "texture": "#0"},
				"west": {"uv": [4, 4, 5, 14], "texture": "#0"},
				"up": {"uv": [4, 4, 12, 5], "texture": "#0"},
				"down": {"uv": [4, 13, 12, 14], "texture": "#0"}
			}
		},
		{
			"name": "center1",
			"from": [3, 3, 8],
			"to": [13, 10, 9],
			"rotation": {"angle": 0, "axis": "y", "origin": [20, 11, 16]},
			"faces": {
				"north": {"uv": [13, 6, 3, 13], "texture": "#0"},
				"east": {"uv": [12, 6, 13, 13], "texture": "#0"},
				"south": {"uv": [3, 6, 13, 13], "texture": "#0"},
				"west": {"uv": [3, 6, 4, 13], "texture": "#0"},
				"up": {"uv": [3, 6, 13, 7], "texture": "#0"},
				"down": {"uv": [3, 12, 13, 13], "texture": "#0"}
			}
		},
		{
			"name": "center2",
			"from": [2, 5, 8],
			"to": [14, 8, 9],
			"rotation": {"angle": 0, "axis": "y", "origin": [21, 13, 16]},
			"faces": {
				"north": {"uv": [14, 8, 2, 11], "texture": "#0"},
				"east": {"uv": [13, 8, 14, 11], "texture": "#0"},
				"south": {"uv": [2, 8, 14, 11], "texture": "#0"},
				"west": {"uv": [2, 8, 3, 11], "texture": "#0"},
				"up": {"uv": [2, 8, 14, 9], "texture": "#0"},
				"down": {"uv": [2, 10, 14, 11], "texture": "#0"}
			}
		},
		{
			"name": "top",
			"from": [5, 12, 8],
			"to": [11, 13, 9],
			"rotation": {"angle": 0, "axis": "y", "origin": [13, 20, 16]},
			"faces": {
				"north": {"uv": [11, 3, 5, 4], "texture": "#0"},
				"east": {"uv": [10, 3, 11, 4], "texture": "#0"},
				"south": {"uv": [5, 3, 11, 4], "texture": "#0"},
				"west": {"uv": [5, 3, 6, 4], "texture": "#0"},
				"up": {"uv": [5, 3, 11, 4], "texture": "#0"}
			}
		},
		{
			"name": "tip",
			"from": [7, 13, 8],
			"to": [9, 14, 9],
			"rotation": {"angle": 0, "axis": "y", "origin": [15, 21, 16]},
			"faces": {
				"north": {"uv": [9, 2, 7, 3], "texture": "#0"},
				"east": {"uv": [8, 2, 9, 3], "texture": "#0"},
				"south": {"uv": [7, 2, 9, 3], "texture": "#0"},
				"west": {"uv": [7, 2, 8, 3], "texture": "#0"},
				"up": {"uv": [7, 2, 9, 3], "texture": "#0"}
			}
		},
		{
			"name": "ear",
			"from": [1, 10, 8],
			"to": [15, 12, 9],
			"faces": {
				"north": {"uv": [15, 4, 1, 6], "texture": "#0"},
				"east": {"uv": [14, 4, 15, 6], "texture": "#0"},
				"south": {"uv": [1, 4, 15, 6], "texture": "#0"},
				"west": {"uv": [1, 4, 2, 6], "texture": "#0"},
				"up": {"uv": [1, 4, 15, 5], "texture": "#0"},
				"down": {"uv": [1, 5, 15, 6], "texture": "#0"}
			}
		},
		{
			"name": "ear1",
			"from": [0, 11, 8],
			"to": [3, 13, 9],
			"faces": {
				"north": {"uv": [3, 3, 0, 5], "texture": "#0"},
				"east": {"uv": [2, 3, 3, 5], "texture": "#0"},
				"south": {"uv": [0, 3, 3, 5], "texture": "#0"},
				"west": {"uv": [0, 3, 1, 5], "texture": "#0"},
				"up": {"uv": [0, 4, 3, 3], "texture": "#0"},
				"down": {"uv": [0, 4, 3, 5], "texture": "#0"}
			}
		},
		{
			"name": "ear2",
			"from": [13, 11, 8],
			"to": [16, 13, 9],
			"faces": {
				"north": {"uv": [16, 3, 13, 5], "texture": "#0"},
				"east": {"uv": [15, 3, 16, 5], "texture": "#0"},
				"south": {"uv": [13, 3, 16, 5], "texture": "#0"},
				"west": {"uv": [13, 3, 14, 5], "texture": "#0"},
				"up": {"uv": [13, 3, 16, 4], "texture": "#0"},
				"down": {"uv": [13, 4, 16, 5], "texture": "#0"}
			}
		},
		{
			"name": "horn",
			"from": [4, 12, 8],
			"to": [6, 16, 9],
			"faces": {
				"north": {"uv": [6, 0, 4, 4], "texture": "#0"},
				"east": {"uv": [5, 0, 6, 4], "texture": "#0"},
				"south": {"uv": [4, 0, 6, 4], "texture": "#0"},
				"west": {"uv": [4, 0, 5, 4], "texture": "#0"},
				"up": {"uv": [4, 0, 6, 1], "texture": "#0"}
			}
		},
		{
			"name": "horn1",
			"from": [10, 12, 8],
			"to": [12, 16, 9],
			"faces": {
				"north": {"uv": [12, 0, 10, 4], "texture": "#0"},
				"east": {"uv": [11, 0, 12, 4], "texture": "#0"},
				"south": {"uv": [10, 0, 12, 4], "texture": "#0"},
				"west": {"uv": [10, 0, 11, 4], "texture": "#0"},
				"up": {"uv": [10, 0, 12, 1], "texture": "#0"}
			}
		}
	]
}