{
	"credit": "Made by StormDragon77",
	"parent": "item/display",
	"elements": [
		{
			"name": "bottom",
			"from": [6, 1, 8],
			"to": [10, 2, 9],
			"rotation": {"angle": 0, "axis": "y", "origin": [14, 9, 16]},
			"faces": {
				"north": {"uv": [10, 14, 6, 15], "texture": "#0"},
				"east": {"uv": [9, 14, 10, 15], "texture": "#0"},
				"south": {"uv": [6, 14, 10, 15], "texture": "#0"},
				"west": {"uv": [6, 14, 7, 15], "texture": "#0"},
				"down": {"uv": [6, 14, 10, 15], "texture": "#0"}
			}
		},
		{
			"name": "center",
			"from": [4, 2, 8],
			"to": [12, 13, 9],
			"rotation": {"angle": 0, "axis": "y", "origin": [12, 10, 16]},
			"faces": {
				"north": {"uv": [12, 3, 4, 14], "texture": "#0"},
				"east": {"uv": [11, 3, 12, 14], "texture": "#0"},
				"south": {"uv": [4, 3, 12, 14], "texture": "#0"},
				"west": {"uv": [4, 3, 5, 14], "texture": "#0"},
				"up": {"uv": [4, 3, 12, 4], "texture": "#0"},
				"down": {"uv": [4, 13, 12, 14], "texture": "#0"}
			}
		},
		{
			"name": "center1",
			"from": [3, 2, 8],
			"to": [13, 10, 9],
			"rotation": {"angle": 0, "axis": "y", "origin": [20, 11, 16]},
			"faces": {
				"north": {"uv": [13, 6, 3, 14], "texture": "#0"},
				"east": {"uv": [12, 6, 13, 14], "texture": "#0"},
				"south": {"uv": [3, 6, 13, 14], "texture": "#0"},
				"west": {"uv": [3, 6, 4, 14], "texture": "#0"},
				"up": {"uv": [3, 6, 13, 7], "texture": "#0"},
				"down": {"uv": [3, 13, 13, 14], "texture": "#0"}
			}
		},
		{
			"name": "center2",
			"from": [2, 5, 8],
			"to": [14, 7, 9],
			"rotation": {"angle": 0, "axis": "y", "origin": [21, 13, 16]},
			"faces": {
				"north": {"uv": [14, 9, 2, 11], "texture": "#0"},
				"east": {"uv": [13, 9, 14, 11], "texture": "#0"},
				"south": {"uv": [2, 9, 14, 11], "texture": "#0"},
				"west": {"uv": [2, 9, 3, 11], "texture": "#0"},
				"down": {"uv": [2, 10, 14, 11], "texture": "#0"}
			}
		},
		{
			"name": "spike",
			"from": [7, 13, 8],
			"to": [9, 16, 9],
			"rotation": {"angle": 0, "axis": "y", "origin": [15, 21, 16]},
			"faces": {
				"north": {"uv": [9, 0, 7, 3], "texture": "#0"},
				"east": {"uv": [8, 0, 9, 3], "texture": "#0"},
				"south": {"uv": [7, 0, 9, 3], "texture": "#0"},
				"west": {"uv": [7, 0, 8, 3], "texture": "#0"},
				"up": {"uv": [7, 0, 9, 1], "texture": "#0"}
			}
		},
		{
			"name": "spike1",
			"from": [7, 0, 8],
			"to": [9, 1, 9],
			"faces": {
				"north": {"uv": [9, 15, 7, 16], "texture": "#0"},
				"east": {"uv": [8, 15, 9, 16], "texture": "#0"},
				"south": {"uv": [7, 15, 9, 16], "texture": "#0"},
				"west": {"uv": [7, 15, 8, 16], "texture": "#0"},
				"down": {"uv": [7, 15, 9, 16], "texture": "#0"}
			}
		},
		{
			"name": "spike2",
			"from": [0, 7, 8],
			"to": [16, 9, 9],
			"faces": {
				"north": {"uv": [16, 7, 0, 9], "texture": "#0"},
				"east": {"uv": [15, 7, 16, 9], "texture": "#0"},
				"south": {"uv": [0, 7, 16, 9], "texture": "#0"},
				"west": {"uv": [0, 7, 1, 9], "texture": "#0"},
				"up": {"uv": [0, 7, 16, 8], "texture": "#0"},
				"down": {"uv": [0, 8, 16, 9], "texture": "#0"}
			}
		},
		{
			"name": "spike3",
			"from": [2, 2, 8],
			"to": [4, 4, 9],
			"faces": {
				"north": {"uv": [4, 12, 2, 14], "texture": "#0"},
				"south": {"uv": [2, 12, 4, 14], "texture": "#0"},
				"west": {"uv": [2, 12, 3, 14], "texture": "#0"},
				"up": {"uv": [2, 12, 4, 13], "texture": "#0"}
			}
		},
		{
			"name": "spike4",
			"from": [1, 1, 8],
			"to": [3, 3, 9],
			"faces": {
				"north": {"uv": [3, 13, 1, 15], "texture": "#0"},
				"east": {"uv": [2, 13, 3, 15], "texture": "#0"},
				"south": {"uv": [1, 13, 3, 15], "texture": "#0"},
				"west": {"uv": [1, 13, 2, 15], "texture": "#0"},
				"up": {"uv": [1, 13, 3, 14], "texture": "#0"},
				"down": {"uv": [1, 14, 3, 15], "texture": "#0"}
			}
		},
		{
			"name": "spike5",
			"from": [12, 2, 8],
			"to": [14, 4, 9],
			"faces": {
				"north": {"uv": [14, 12, 12, 14], "texture": "#0"},
				"east": {"uv": [13, 12, 14, 14], "texture": "#0"},
				"south": {"uv": [12, 12, 14, 14], "texture": "#0"},
				"up": {"uv": [12, 12, 14, 13], "texture": "#0"}
			}
		},
		{
			"name": "spike6",
			"from": [13, 1, 8],
			"to": [15, 3, 9],
			"faces": {
				"north": {"uv": [15, 13, 13, 15], "texture": "#0"},
				"east": {"uv": [14, 13, 15, 15], "texture": "#0"},
				"south": {"uv": [13, 13, 15, 15], "texture": "#0"},
				"west": {"uv": [13, 13, 14, 15], "texture": "#0"},
				"up": {"uv": [13, 13, 15, 14], "texture": "#0"},
				"down": {"uv": [13, 14, 15, 15], "texture": "#0"}
			}
		},
		{
			"name": "spike7",
			"from": [11, 11, 8],
			"to": [13, 13, 9],
			"faces": {
				"north": {"uv": [13, 3, 11, 5], "texture": "#0"},
				"east": {"uv": [12, 3, 13, 5], "texture": "#0"},
				"south": {"uv": [11, 3, 13, 5], "texture": "#0"},
				"down": {"uv": [11, 4, 13, 5], "texture": "#0"}
			}
		},
		{
			"name": "spike8",
			"from": [12, 12, 8],
			"to": [14, 14, 9],
			"faces": {
				"north": {"uv": [14, 2, 12, 4], "texture": "#0"},
				"east": {"uv": [13, 2, 14, 4], "texture": "#0"},
				"south": {"uv": [12, 2, 14, 4], "texture": "#0"},
				"west": {"uv": [12, 2, 13, 4], "texture": "#0"},
				"up": {"uv": [12, 2, 14, 3], "texture": "#0"},
				"down": {"uv": [12, 3, 14, 4], "texture": "#0"}
			}
		},
		{
			"name": "spike9",
			"from": [3, 11, 8],
			"to": [5, 13, 9],
			"faces": {
				"north": {"uv": [5, 3, 3, 5], "texture": "#0"},
				"south": {"uv": [3, 3, 5, 5], "texture": "#0"},
				"west": {"uv": [3, 3, 4, 5], "texture": "#0"},
				"down": {"uv": [3, 4, 5, 5], "texture": "#0"}
			}
		},
		{
			"name": "spike10",
			"from": [2, 12, 8],
			"to": [4, 14, 9],
			"faces": {
				"north": {"uv": [4, 2, 2, 4], "texture": "#0"},
				"east": {"uv": [3, 2, 4, 4], "texture": "#0"},
				"south": {"uv": [2, 2, 4, 4], "texture": "#0"},
				"west": {"uv": [2, 2, 3, 4], "texture": "#0"},
				"up": {"uv": [2, 2, 4, 3], "texture": "#0"},
				"down": {"uv": [2, 3, 4, 4], "texture": "#0"}
			}
		}
	]
}