{
	"parent": "item/display",
	"credit": "Made by StormDragon77",
	"elements": [
		{
			"name": "bottom",
			"from": [6, 1, 8],
			"to": [10, 2, 9],
			"rotation": {"angle": 0, "axis": "y", "origin": [14, 9, 16]},
			"faces": {
				"north": {"uv": [10, 14, 6, 15], "texture": "#0"},
				"east": {"uv": [9, 14, 10, 15], "texture": "#0"},
				"south": {"uv": [6, 14, 10, 15], "texture": "#0"},
				"west": {"uv": [6, 14, 7, 15], "texture": "#0"},
				"down": {"uv": [6, 14, 10, 15], "texture": "#0"}
			}
		},
		{
			"name": "center",
			"from": [4, 2, 8],
			"to": [12, 12, 9],
			"rotation": {"angle": 0, "axis": "y", "origin": [12, 10, 16]},
			"faces": {
				"north": {"uv": [12, 4, 4, 14], "texture": "#0"},
				"east": {"uv": [11, 4, 12, 14], "texture": "#0"},
				"south": {"uv": [4, 4, 12, 14], "texture": "#0"},
				"west": {"uv": [4, 4, 5, 14], "texture": "#0"},
				"up": {"uv": [4, 4, 12, 5], "texture": "#0"},
				"down": {"uv": [4, 13, 12, 14], "texture": "#0"}
			}
		},
		{
			"name": "center1",
			"from": [3, 3, 8],
			"to": [13, 10, 9],
			"rotation": {"angle": 0, "axis": "y", "origin": [20, 11, 16]},
			"faces": {
				"north": {"uv": [13, 6, 3, 13], "texture": "#0"},
				"east": {"uv": [12, 6, 13, 13], "texture": "#0"},
				"south": {"uv": [3, 6, 13, 13], "texture": "#0"},
				"west": {"uv": [3, 6, 4, 13], "texture": "#0"},
				"up": {"uv": [3, 6, 13, 7], "texture": "#0"},
				"down": {"uv": [3, 12, 13, 13], "texture": "#0"}
			}
		},
		{
			"name": "center2",
			"from": [2, 5, 8],
			"to": [14, 8, 9],
			"rotation": {"angle": 0, "axis": "y", "origin": [21, 13, 16]},
			"faces": {
				"north": {"uv": [14, 8, 2, 11], "texture": "#0"},
				"east": {"uv": [13, 8, 14, 11], "texture": "#0"},
				"south": {"uv": [2, 8, 14, 11], "texture": "#0"},
				"west": {"uv": [2, 8, 3, 11], "texture": "#0"},
				"up": {"uv": [2, 8, 14, 9], "texture": "#0"},
				"down": {"uv": [2, 10, 14, 11], "texture": "#0"}
			}
		},
		{
			"name": "top",
			"from": [5, 12, 8],
			"to": [11, 13, 9],
			"rotation": {"angle": 0, "axis": "y", "origin": [13, 20, 16]},
			"faces": {
				"north": {"uv": [11, 3, 5, 4], "texture": "#0"},
				"east": {"uv": [10, 3, 11, 4], "texture": "#0"},
				"south": {"uv": [5, 3, 11, 4], "texture": "#0"},
				"west": {"uv": [5, 3, 6, 4], "texture": "#0"},
				"up": {"uv": [5, 3, 11, 4], "texture": "#0"}
			}
		},
		{
			"name": "tip",
			"from": [7, 13, 8],
			"to": [9, 14, 9],
			"rotation": {"angle": 0, "axis": "y", "origin": [15, 21, 16]},
			"faces": {
				"north": {"uv": [9, 2, 7, 3], "texture": "#0"},
				"east": {"uv": [8, 2, 9, 3], "texture": "#0"},
				"south": {"uv": [7, 2, 9, 3], "texture": "#0"},
				"west": {"uv": [7, 2, 8, 3], "texture": "#0"},
				"up": {"uv": [7, 2, 9, 3], "texture": "#0"}
			}
		},
		{
			"name": "wings",
			"from": [2, 10, 8],
			"to": [14, 12, 9],
			"faces": {
				"north": {"uv": [14, 4, 2, 6], "texture": "#0"},
				"east": {"uv": [13, 4, 14, 6], "texture": "#0"},
				"south": {"uv": [2, 4, 14, 6], "texture": "#0"},
				"west": {"uv": [2, 4, 3, 6], "texture": "#0"},
				"up": {"uv": [2, 4, 14, 5], "texture": "#0"},
				"down": {"uv": [2, 5, 14, 6], "texture": "#0"}
			}
		},
		{
			"name": "wings1",
			"from": [1, 11, 8],
			"to": [3, 14, 9],
			"faces": {
				"north": {"uv": [13, 2, 15, 5], "texture": "#0"},
				"east": {"uv": [13, 2, 14, 5], "texture": "#0"},
				"south": {"uv": [15, 2, 13, 5], "texture": "#0"},
				"west": {"uv": [14, 2, 15, 5], "texture": "#0"},
				"up": {"uv": [13, 2, 15, 3], "texture": "#0"},
				"down": {"uv": [13, 4, 15, 5], "texture": "#0"}
			}
		},
		{
			"name": "wings2",
			"from": [13, 11, 8],
			"to": [15, 14, 9],
			"faces": {
				"north": {"uv": [1, 2, 3, 5], "texture": "#0"},
				"east": {"uv": [1, 2, 2, 5], "texture": "#0"},
				"south": {"uv": [3, 2, 1, 5], "texture": "#0"},
				"west": {"uv": [2, 2, 3, 5], "texture": "#0"},
				"up": {"uv": [1, 2, 3, 3], "texture": "#0"},
				"down": {"uv": [1, 4, 3, 5], "texture": "#0"}
			}
		},
		{
			"name": "wings3",
			"from": [14, 14, 8],
			"to": [16, 15, 9],
			"faces": {
				"north": {"uv": [16, 1, 14, 2], "texture": "#0"},
				"east": {"uv": [15, 1, 16, 2], "texture": "#0"},
				"south": {"uv": [14, 1, 16, 2], "texture": "#0"},
				"west": {"uv": [14, 1, 15, 2], "texture": "#0"},
				"up": {"uv": [14, 1, 16, 2], "texture": "#0"},
				"down": {"uv": [14, 1, 16, 2], "texture": "#0"}
			}
		},
		{
			"name": "wings4",
			"from": [0, 14, 8],
			"to": [2, 15, 9],
			"faces": {
				"north": {"uv": [2, 1, 0, 2], "texture": "#0"},
				"east": {"uv": [1, 1, 2, 2], "texture": "#0"},
				"south": {"uv": [0, 1, 2, 2], "texture": "#0"},
				"west": {"uv": [0, 1, 1, 2], "texture": "#0"},
				"up": {"uv": [0, 1, 2, 2], "texture": "#0"},
				"down": {"uv": [0, 1, 2, 2], "texture": "#0"}
			}
		},
		{
			"name": "wings5",
			"from": [12, 13, 8],
			"to": [13, 14, 9],
			"faces": {
				"north": {"uv": [13, 2, 12, 3], "texture": "#0"},
				"south": {"uv": [12, 2, 13, 3], "texture": "#0"},
				"west": {"uv": [12, 2, 13, 3], "texture": "#0"},
				"up": {"uv": [12, 2, 13, 3], "texture": "#0"},
				"down": {"uv": [12, 2, 13, 3], "texture": "#0"}
			}
		},
		{
			"name": "wings6",
			"from": [15, 12, 8],
			"to": [16, 13, 9],
			"faces": {
				"north": {"uv": [16, 3, 15, 4], "texture": "#0"},
				"east": {"uv": [15, 3, 16, 4], "texture": "#0"},
				"south": {"uv": [15, 3, 16, 4], "texture": "#0"},
				"up": {"uv": [15, 3, 16, 4], "texture": "#0"},
				"down": {"uv": [15, 3, 16, 4], "texture": "#0"}
			}
		},
		{
			"name": "wings7",
			"from": [15, 10, 8],
			"to": [16, 11, 9],
			"faces": {
				"north": {"uv": [16, 5, 15, 6], "texture": "#0"},
				"east": {"uv": [15, 5, 16, 6], "texture": "#0"},
				"south": {"uv": [15, 5, 16, 6], "texture": "#0"},
				"west": {"uv": [15, 5, 16, 6], "texture": "#0"},
				"up": {"uv": [15, 5, 16, 6], "texture": "#0"},
				"down": {"uv": [15, 5, 16, 6], "texture": "#0"}
			}
		},
		{
			"name": "wings8",
			"from": [3, 13, 8],
			"to": [4, 14, 9],
			"faces": {
				"north": {"uv": [4, 2, 3, 3], "texture": "#0"},
				"east": {"uv": [3, 2, 4, 3], "texture": "#0"},
				"south": {"uv": [3, 2, 4, 3], "texture": "#0"},
				"up": {"uv": [3, 2, 4, 3], "texture": "#0"},
				"down": {"uv": [3, 2, 4, 3], "texture": "#0"}
			}
		},
		{
			"name": "wings9",
			"from": [0, 12, 8],
			"to": [1, 13, 9],
			"faces": {
				"north": {"uv": [1, 3, 0, 4], "texture": "#0"},
				"south": {"uv": [0, 3, 1, 4], "texture": "#0"},
				"west": {"uv": [0, 3, 1, 4], "texture": "#0"},
				"up": {"uv": [0, 3, 1, 4], "texture": "#0"},
				"down": {"uv": [0, 3, 1, 4], "texture": "#0"}
			}
		},
		{
			"name": "wings10",
			"from": [0, 10, 8],
			"to": [1, 11, 9],
			"faces": {
				"north": {"uv": [1, 5, 0, 6], "texture": "#0"},
				"east": {"uv": [0, 5, 1, 6], "texture": "#0"},
				"south": {"uv": [0, 5, 1, 6], "texture": "#0"},
				"west": {"uv": [0, 5, 1, 6], "texture": "#0"},
				"up": {"uv": [0, 5, 1, 6], "texture": "#0"},
				"down": {"uv": [0, 5, 1, 6], "texture": "#0"}
			}
		}
	]
}