{
	"parent": "item/display",
	"credit": "Made by StormDragon77",
	"elements": [
		{
			"name": "bottom",
			"from": [6, 1, 8],
			"to": [10, 2, 9],
			"rotation": {"angle": 0, "axis": "y", "origin": [14, 9, 16]},
			"faces": {
				"north": {"uv": [10, 14, 6, 15], "texture": "#0"},
				"east": {"uv": [9, 14, 10, 15], "texture": "#0"},
				"south": {"uv": [6, 14, 10, 15], "texture": "#0"},
				"west": {"uv": [6, 14, 7, 15], "texture": "#0"},
				"down": {"uv": [6, 14, 10, 15], "texture": "#0"}
			}
		},
		{
			"name": "center",
			"from": [4, 2, 8],
			"to": [12, 12, 9],
			"rotation": {"angle": 0, "axis": "y", "origin": [12, 10, 16]},
			"faces": {
				"north": {"uv": [12, 4, 4, 14], "texture": "#0"},
				"east": {"uv": [11, 4, 12, 14], "texture": "#0"},
				"south": {"uv": [4, 4, 12, 14], "texture": "#0"},
				"west": {"uv": [4, 4, 5, 14], "texture": "#0"},
				"up": {"uv": [4, 4, 12, 5], "texture": "#0"},
				"down": {"uv": [4, 13, 12, 14], "texture": "#0"}
			}
		},
		{
			"name": "center1",
			"from": [3, 3, 8],
			"to": [13, 10, 9],
			"rotation": {"angle": 0, "axis": "y", "origin": [20, 11, 16]},
			"faces": {
				"north": {"uv": [13, 6, 3, 13], "texture": "#0"},
				"east": {"uv": [12, 6, 13, 13], "texture": "#0"},
				"south": {"uv": [3, 6, 13, 13], "texture": "#0"},
				"west": {"uv": [3, 6, 4, 13], "texture": "#0"},
				"up": {"uv": [3, 6, 13, 7], "texture": "#0"},
				"down": {"uv": [3, 12, 13, 13], "texture": "#0"}
			}
		},
		{
			"name": "center2",
			"from": [2, 5, 8],
			"to": [14, 8, 9],
			"rotation": {"angle": 0, "axis": "y", "origin": [21, 13, 16]},
			"faces": {
				"north": {"uv": [14, 8, 2, 11], "texture": "#0"},
				"east": {"uv": [13, 8, 14, 11], "texture": "#0"},
				"south": {"uv": [2, 8, 14, 11], "texture": "#0"},
				"west": {"uv": [2, 8, 3, 11], "texture": "#0"},
				"up": {"uv": [2, 8, 14, 9], "texture": "#0"},
				"down": {"uv": [2, 10, 14, 11], "texture": "#0"}
			}
		},
		{
			"name": "top",
			"from": [5, 12, 8],
			"to": [11, 13, 9],
			"rotation": {"angle": 0, "axis": "y", "origin": [13, 20, 16]},
			"faces": {
				"north": {"uv": [11, 3, 5, 4], "texture": "#0"},
				"east": {"uv": [10, 3, 11, 4], "texture": "#0"},
				"south": {"uv": [5, 3, 11, 4], "texture": "#0"},
				"west": {"uv": [5, 3, 6, 4], "texture": "#0"},
				"up": {"uv": [5, 3, 11, 4], "texture": "#0"}
			}
		},
		{
			"name": "tip",
			"from": [7, 13, 8],
			"to": [9, 14, 9],
			"rotation": {"angle": 0, "axis": "y", "origin": [15, 21, 16]},
			"faces": {
				"north": {"uv": [9, 2, 7, 3], "texture": "#0"},
				"east": {"uv": [8, 2, 9, 3], "texture": "#0"},
				"south": {"uv": [7, 2, 9, 3], "texture": "#0"},
				"west": {"uv": [7, 2, 8, 3], "texture": "#0"},
				"up": {"uv": [7, 2, 9, 3], "texture": "#0"}
			}
		},
		{
			"name": "ear",
			"from": [2, 12, 8],
			"to": [6, 14, 9],
			"faces": {
				"north": {"uv": [6, 2, 2, 4], "texture": "#0"},
				"east": {"uv": [5, 2, 6, 4], "texture": "#0"},
				"south": {"uv": [2, 2, 6, 4], "texture": "#0"},
				"west": {"uv": [2, 2, 3, 4], "texture": "#0"},
				"up": {"uv": [2, 2, 6, 3], "texture": "#0"},
				"down": {"uv": [2, 3, 6, 4], "texture": "#0"}
			}
		},
		{
			"name": "ear1",
			"from": [10, 12, 8],
			"to": [14, 14, 9],
			"faces": {
				"north": {"uv": [14, 2, 10, 4], "texture": "#0"},
				"east": {"uv": [13, 2, 14, 4], "texture": "#0"},
				"south": {"uv": [10, 2, 14, 4], "texture": "#0"},
				"west": {"uv": [10, 2, 11, 4], "texture": "#0"},
				"up": {"uv": [10, 2, 14, 3], "texture": "#0"},
				"down": {"uv": [10, 3, 14, 4], "texture": "#0"}
			}
		},
		{
			"from": [3, 11, 8],
			"to": [5, 15, 9],
			"faces": {
				"north": {"uv": [5, 1, 3, 5], "texture": "#0"},
				"east": {"uv": [4, 1, 5, 5], "texture": "#0"},
				"south": {"uv": [3, 1, 5, 5], "texture": "#0"},
				"west": {"uv": [3, 1, 4, 5], "texture": "#0"},
				"up": {"uv": [3, 1, 5, 2], "texture": "#0"},
				"down": {"uv": [3, 4, 5, 5], "texture": "#0"}
			}
		},
		{
			"from": [11, 11, 8],
			"to": [13, 15, 9],
			"faces": {
				"north": {"uv": [13, 1, 11, 5], "texture": "#0"},
				"east": {"uv": [12, 1, 13, 5], "texture": "#0"},
				"south": {"uv": [11, 1, 13, 5], "texture": "#0"},
				"west": {"uv": [11, 1, 12, 5], "texture": "#0"},
				"up": {"uv": [11, 1, 13, 2], "texture": "#0"},
				"down": {"uv": [11, 4, 13, 5], "texture": "#0"}
			}
		}
	]
}