{
	"credit": "Made by StormDragon77",
	"parent": "item/display",
	"elements": [
		{
			"name": "bottom",
			"from": [6, 1, 8],
			"to": [10, 2, 9],
			"rotation": {"angle": 0, "axis": "y", "origin": [14, 9, 16]},
			"faces": {
				"north": {"uv": [10, 14, 6, 15], "texture": "#0"},
				"east": {"uv": [9, 14, 10, 15], "texture": "#0"},
				"south": {"uv": [6, 14, 10, 15], "texture": "#0"},
				"west": {"uv": [6, 14, 7, 15], "texture": "#0"},
				"down": {"uv": [6, 14, 10, 15], "texture": "#0"}
			}
		},
		{
			"name": "center",
			"from": [4, 2, 8],
			"to": [12, 13, 9],
			"rotation": {"angle": 0, "axis": "y", "origin": [12, 10, 16]},
			"faces": {
				"north": {"uv": [12, 3, 4, 14], "texture": "#0"},
				"east": {"uv": [11, 3, 12, 14], "texture": "#0"},
				"south": {"uv": [4, 3, 12, 14], "texture": "#0"},
				"west": {"uv": [4, 3, 5, 14], "texture": "#0"},
				"up": {"uv": [4, 3, 12, 4], "texture": "#0"},
				"down": {"uv": [4, 13, 12, 14], "texture": "#0"}
			}
		},
		{
			"name": "center1",
			"from": [3, 3, 8],
			"to": [13, 11, 9],
			"rotation": {"angle": 0, "axis": "y", "origin": [20, 11, 16]},
			"faces": {
				"north": {"uv": [13, 5, 3, 13], "texture": "#0"},
				"east": {"uv": [12, 5, 13, 13], "texture": "#0"},
				"south": {"uv": [3, 5, 13, 13], "texture": "#0"},
				"west": {"uv": [3, 5, 4, 13], "texture": "#0"},
				"up": {"uv": [3, 5, 13, 6], "texture": "#0"},
				"down": {"uv": [3, 12, 13, 13], "texture": "#0"}
			}
		},
		{
			"name": "tip",
			"from": [7, 13, 8],
			"to": [9, 14, 9],
			"rotation": {"angle": 0, "axis": "y", "origin": [15, 21, 16]},
			"faces": {
				"north": {"uv": [9, 2, 7, 3], "texture": "#0"},
				"east": {"uv": [8, 2, 9, 3], "texture": "#0"},
				"south": {"uv": [7, 2, 9, 3], "texture": "#0"},
				"west": {"uv": [7, 2, 8, 3], "texture": "#0"},
				"up": {"uv": [7, 2, 9, 3], "texture": "#0"}
			}
		},
		{
			"name": "ear",
			"from": [10, 13, 8],
			"to": [12, 14, 9],
			"rotation": {"angle": 0, "axis": "y", "origin": [15, 21, 16]},
			"faces": {
				"north": {"uv": [12, 2, 10, 3], "texture": "#0"},
				"east": {"uv": [11, 2, 12, 3], "texture": "#0"},
				"south": {"uv": [10, 2, 12, 3], "texture": "#0"},
				"west": {"uv": [10, 2, 11, 3], "texture": "#0"},
				"up": {"uv": [10, 2, 12, 3], "texture": "#0"}
			}
		},
		{
			"name": "ear1",
			"from": [4, 13, 8],
			"to": [6, 14, 9],
			"rotation": {"angle": 0, "axis": "y", "origin": [15, 21, 16]},
			"faces": {
				"north": {"uv": [6, 2, 4, 3], "texture": "#0"},
				"east": {"uv": [5, 2, 6, 3], "texture": "#0"},
				"south": {"uv": [4, 2, 6, 3], "texture": "#0"},
				"west": {"uv": [4, 2, 5, 3], "texture": "#0"},
				"up": {"uv": [4, 2, 6, 3], "texture": "#0"}
			}
		},
		{
			"name": "ear2",
			"from": [5, 14, 8],
			"to": [6, 15, 9],
			"faces": {
				"north": {"uv": [5, 1, 6, 2], "texture": "#0"},
				"east": {"uv": [5, 1, 6, 2], "texture": "#0"},
				"south": {"uv": [5, 1, 6, 2], "texture": "#0"},
				"west": {"uv": [5, 1, 6, 2], "texture": "#0"},
				"up": {"uv": [5, 1, 6, 2], "texture": "#0"}
			}
		},
		{
			"name": "ear3",
			"from": [10, 14, 8],
			"to": [11, 15, 9],
			"faces": {
				"north": {"uv": [10, 1, 11, 2], "texture": "#0"},
				"east": {"uv": [10, 1, 11, 2], "texture": "#0"},
				"south": {"uv": [10, 1, 11, 2], "texture": "#0"},
				"west": {"uv": [10, 1, 11, 2], "texture": "#0"},
				"up": {"uv": [10, 1, 11, 2], "texture": "#0"}
			}
		},
		{
			"name": "ear4",
			"from": [4, 14, 8],
			"to": [5, 15, 9],
			"faces": {
				"north": {"uv": [4, 1, 5, 2], "texture": "#0"},
				"south": {"uv": [4, 1, 5, 2], "texture": "#0"},
				"west": {"uv": [4, 1, 5, 2], "texture": "#0"},
				"up": {"uv": [4, 1, 5, 2], "texture": "#0"}
			}
		},
		{
			"name": "ear5",
			"from": [11, 14, 8],
			"to": [12, 15, 9],
			"faces": {
				"north": {"uv": [11, 1, 12, 2], "texture": "#0"},
				"east": {"uv": [11, 1, 12, 2], "texture": "#0"},
				"south": {"uv": [11, 1, 12, 2], "texture": "#0"},
				"up": {"uv": [11, 1, 12, 2], "texture": "#0"}
			}
		},
		{
			"name": "wing",
			"from": [2, 5, 8],
			"to": [3, 16, 9],
			"faces": {
				"north": {"uv": [2, 0, 3, 11], "texture": "#0"},
				"east": {"uv": [2, 0, 3, 11], "texture": "#0"},
				"south": {"uv": [2, 0, 3, 11], "texture": "#0"},
				"west": {"uv": [2, 0, 3, 11], "texture": "#0"},
				"up": {"uv": [2, 0, 3, 1], "texture": "#0"},
				"down": {"uv": [2, 10, 3, 11], "texture": "#0"}
			}
		},
		{
			"name": "wing1",
			"from": [13, 5, 8],
			"to": [14, 16, 9],
			"faces": {
				"north": {"uv": [13, 0, 14, 11], "texture": "#0"},
				"east": {"uv": [13, 0, 14, 11], "texture": "#0"},
				"south": {"uv": [13, 0, 14, 11], "texture": "#0"},
				"west": {"uv": [13, 0, 14, 11], "texture": "#0"},
				"up": {"uv": [13, 0, 14, 1], "texture": "#0"},
				"down": {"uv": [13, 10, 14, 11], "texture": "#0"}
			}
		},
		{
			"name": "wing2",
			"from": [1, 3, 8],
			"to": [2, 13, 9],
			"faces": {
				"north": {"uv": [1, 3, 2, 13], "texture": "#0"},
				"east": {"uv": [1, 3, 2, 13], "texture": "#0"},
				"south": {"uv": [1, 3, 2, 13], "texture": "#0"},
				"west": {"uv": [1, 3, 2, 13], "texture": "#0"},
				"up": {"uv": [1, 3, 2, 4], "texture": "#0"},
				"down": {"uv": [1, 12, 2, 13], "texture": "#0"}
			}
		},
		{
			"name": "wing3",
			"from": [14, 3, 8],
			"to": [15, 13, 9],
			"faces": {
				"north": {"uv": [14, 3, 15, 13], "texture": "#0"},
				"east": {"uv": [14, 3, 15, 13], "texture": "#0"},
				"south": {"uv": [14, 3, 15, 13], "texture": "#0"},
				"west": {"uv": [14, 3, 15, 13], "texture": "#0"},
				"up": {"uv": [14, 3, 15, 4], "texture": "#0"},
				"down": {"uv": [14, 12, 15, 13], "texture": "#0"}
			}
		},
		{
			"name": "wing4",
			"from": [0, 4, 8],
			"to": [1, 10, 9],
			"faces": {
				"north": {"uv": [0, 6, 1, 12], "texture": "#0"},
				"south": {"uv": [0, 6, 1, 12], "texture": "#0"},
				"west": {"uv": [0, 6, 1, 12], "texture": "#0"},
				"up": {"uv": [0, 6, 1, 7], "texture": "#0"},
				"down": {"uv": [0, 11, 1, 12], "texture": "#0"}
			}
		},
		{
			"name": "wing5",
			"from": [15, 4, 8],
			"to": [16, 10, 9],
			"faces": {
				"north": {"uv": [15, 6, 16, 12], "texture": "#0"},
				"east": {"uv": [15, 6, 16, 12], "texture": "#0"},
				"south": {"uv": [15, 6, 16, 12], "texture": "#0"},
				"up": {"uv": [15, 6, 16, 7], "texture": "#0"},
				"down": {"uv": [15, 11, 16, 12], "texture": "#0"}
			}
		}
	]
}