{
	"credit": "Made by StormDragon77",
	"parent": "item/display",
	"textures": {
		"0": "item/warden_spawn_egg"
	},
	"elements": [
		{
			"name": "bottom",
			"from": [6, 1, 8],
			"to": [10, 2, 9],
			"rotation": {"angle": 0, "axis": "y", "origin": [14, 9, 16]},
			"faces": {
				"north": {"uv": [10, 14, 6, 15], "texture": "#0"},
				"east": {"uv": [9, 14, 10, 15], "texture": "#0"},
				"south": {"uv": [6, 14, 10, 15], "texture": "#0"},
				"west": {"uv": [6, 14, 7, 15], "texture": "#0"},
				"down": {"uv": [6, 14, 10, 15], "texture": "#0"}
			}
		},
		{
			"name": "center",
			"from": [4, 2, 8],
			"to": [12, 3, 9],
			"rotation": {"angle": 0, "axis": "y", "origin": [12, 10, 16]},
			"faces": {
				"north": {"uv": [12, 13, 4, 14], "texture": "#0"},
				"east": {"uv": [11, 13, 12, 14], "texture": "#0"},
				"south": {"uv": [4, 13, 12, 14], "texture": "#0"},
				"west": {"uv": [4, 13, 5, 14], "texture": "#0"},
				"down": {"uv": [4, 13, 12, 14], "texture": "#0"}
			}
		},
		{
			"name": "center1",
			"from": [3, 3, 8],
			"to": [13, 12, 9],
			"rotation": {"angle": 0, "axis": "y", "origin": [20, 11, 16]},
			"faces": {
				"north": {"uv": [13, 4, 3, 13], "texture": "#0"},
				"east": {"uv": [12, 4, 13, 13], "texture": "#0"},
				"south": {"uv": [3, 4, 13, 13], "texture": "#0"},
				"west": {"uv": [3, 4, 4, 13], "texture": "#0"},
				"up": {"uv": [3, 4, 13, 5], "texture": "#0"},
				"down": {"uv": [3, 12, 13, 13], "texture": "#0"}
			}
		},
		{
			"name": "center2",
			"from": [2, 5, 8],
			"to": [14, 8, 9],
			"rotation": {"angle": 0, "axis": "y", "origin": [21, 13, 16]},
			"faces": {
				"north": {"uv": [14, 8, 2, 11], "texture": "#0"},
				"east": {"uv": [13, 8, 14, 11], "texture": "#0"},
				"south": {"uv": [2, 8, 14, 11], "texture": "#0"},
				"west": {"uv": [2, 8, 3, 11], "texture": "#0"},
				"up": {"uv": [2, 8, 14, 9], "texture": "#0"},
				"down": {"uv": [2, 10, 14, 11], "texture": "#0"}
			}
		},
		{
			"name": "top",
			"from": [5, 12, 8],
			"to": [11, 13, 9],
			"rotation": {"angle": 0, "axis": "y", "origin": [13, 20, 16]},
			"faces": {
				"north": {"uv": [11, 3, 5, 4], "texture": "#0"},
				"east": {"uv": [10, 3, 11, 4], "texture": "#0"},
				"south": {"uv": [5, 3, 11, 4], "texture": "#0"},
				"west": {"uv": [5, 3, 6, 4], "texture": "#0"},
				"up": {"uv": [5, 3, 11, 4], "texture": "#0"}
			}
		},
		{
			"name": "tip",
			"from": [7, 13, 8],
			"to": [9, 14, 9],
			"rotation": {"angle": 0, "axis": "y", "origin": [15, 21, 16]},
			"faces": {
				"north": {"uv": [9, 2, 7, 3], "texture": "#0"},
				"east": {"uv": [8, 2, 9, 3], "texture": "#0"},
				"south": {"uv": [7, 2, 9, 3], "texture": "#0"},
				"west": {"uv": [7, 2, 8, 3], "texture": "#0"},
				"up": {"uv": [7, 2, 9, 3], "texture": "#0"}
			}
		},
		{
			"name": "receptor",
			"from": [13, 10, 8],
			"to": [14, 13, 9],
			"faces": {
				"north": {"uv": [13, 3, 14, 6], "texture": "#0"},
				"east": {"uv": [13, 3, 14, 6], "texture": "#0"},
				"south": {"uv": [13, 3, 14, 6], "texture": "#0"},
				"west": {"uv": [13, 3, 14, 6], "texture": "#0"},
				"up": {"uv": [13, 3, 14, 4], "texture": "#0"},
				"down": {"uv": [13, 5, 14, 6], "texture": "#0"}
			}
		},
		{
			"name": "receptor1",
			"from": [2, 10, 8],
			"to": [3, 13, 9],
			"faces": {
				"north": {"uv": [2, 3, 3, 6], "texture": "#0"},
				"east": {"uv": [2, 3, 3, 6], "texture": "#0"},
				"south": {"uv": [2, 3, 3, 6], "texture": "#0"},
				"west": {"uv": [2, 3, 3, 6], "texture": "#0"},
				"up": {"uv": [2, 3, 3, 4], "texture": "#0"},
				"down": {"uv": [2, 5, 3, 6], "texture": "#0"}
			}
		},
		{
			"name": "receptor2",
			"from": [14, 11, 8],
			"to": [16, 15, 9],
			"faces": {
				"north": {"uv": [16, 1, 14, 5], "texture": "#0"},
				"east": {"uv": [15, 1, 16, 5], "texture": "#0"},
				"south": {"uv": [14, 1, 16, 5], "texture": "#0"},
				"west": {"uv": [14, 1, 15, 5], "texture": "#0"},
				"up": {"uv": [14, 1, 16, 2], "texture": "#0"},
				"down": {"uv": [14, 4, 16, 5], "texture": "#0"}
			}
		},
		{
			"name": "receptor3",
			"from": [0, 11, 8],
			"to": [2, 15, 9],
			"faces": {
				"north": {"uv": [2, 1, 0, 5], "texture": "#0"},
				"east": {"uv": [1, 1, 2, 5], "texture": "#0"},
				"south": {"uv": [0, 1, 2, 5], "texture": "#0"},
				"west": {"uv": [0, 1, 1, 5], "texture": "#0"},
				"up": {"uv": [0, 1, 2, 2], "texture": "#0"},
				"down": {"uv": [0, 4, 2, 5], "texture": "#0"}
			}
		},
		{
			"name": "receptor4",
			"from": [13, 14, 8],
			"to": [15, 16, 9],
			"faces": {
				"north": {"uv": [15, 0, 13, 2], "texture": "#0"},
				"east": {"uv": [14, 0, 15, 2], "texture": "#0"},
				"south": {"uv": [13, 0, 15, 2], "texture": "#0"},
				"west": {"uv": [13, 0, 14, 2], "texture": "#0"},
				"up": {"uv": [13, 0, 15, 1], "texture": "#0"},
				"down": {"uv": [13, 1, 15, 2], "texture": "#0"}
			}
		},
		{
			"name": "receptor5",
			"from": [1, 14, 8],
			"to": [3, 16, 9],
			"faces": {
				"north": {"uv": [3, 0, 1, 2], "texture": "#0"},
				"east": {"uv": [2, 0, 3, 2], "texture": "#0"},
				"south": {"uv": [1, 0, 3, 2], "texture": "#0"},
				"west": {"uv": [1, 0, 2, 2], "texture": "#0"},
				"up": {"uv": [1, 0, 3, 1], "texture": "#0"},
				"down": {"uv": [1, 1, 3, 2], "texture": "#0"}
			}
		},
		{
			"name": "receptor6",
			"from": [15, 10, 8],
			"to": [16, 11, 9],
			"faces": {
				"north": {"uv": [15, 5, 16, 6], "texture": "#0"},
				"east": {"uv": [15, 5, 16, 6], "texture": "#0"},
				"south": {"uv": [15, 5, 16, 6], "texture": "#0"},
				"west": {"uv": [15, 5, 16, 6], "texture": "#0"},
				"down": {"uv": [15, 5, 16, 6], "texture": "#0"}
			}
		},
		{
			"name": "receptor7",
			"from": [0, 10, 8],
			"to": [1, 11, 9],
			"faces": {
				"north": {"uv": [0, 5, 1, 6], "texture": "#0"},
				"east": {"uv": [0, 5, 1, 6], "texture": "#0"},
				"south": {"uv": [0, 5, 1, 6], "texture": "#0"},
				"west": {"uv": [0, 5, 1, 6], "texture": "#0"},
				"down": {"uv": [0, 5, 1, 6], "texture": "#0"}
			}
		},
		{
			"name": "receptor8",
			"from": [12, 14, 8],
			"to": [13, 15, 9],
			"faces": {
				"north": {"uv": [12, 1, 13, 2], "texture": "#0"},
				"south": {"uv": [12, 1, 13, 2], "texture": "#0"},
				"west": {"uv": [12, 1, 13, 2], "texture": "#0"},
				"up": {"uv": [12, 1, 13, 2], "texture": "#0"},
				"down": {"uv": [12, 1, 13, 2], "texture": "#0"}
			}
		},
		{
			"name": "receptor9",
			"from": [3, 14, 8],
			"to": [4, 15, 9],
			"faces": {
				"north": {"uv": [3, 1, 4, 2], "texture": "#0"},
				"east": {"uv": [3, 1, 4, 2], "texture": "#0"},
				"south": {"uv": [3, 1, 4, 2], "texture": "#0"},
				"up": {"uv": [3, 1, 4, 2], "texture": "#0"},
				"down": {"uv": [3, 1, 4, 2], "texture": "#0"}
			}
		}
	]
}